2026-05-11 02:24:58.607 INFO  [main] c.g.auction.service.AccountService - Ban user: admin=staffAdmin target=bidderBI4 reason=LOW_RATING
2026-05-11 02:24:58.635 INFO  [main] c.g.auction.service.AccountService - Ban user: admin=staffAdmin target=bidderBR3 reason=LOW_RATING
2026-05-11 02:24:58.635 INFO  [main] c.g.auction.service.AccountService - Ban user: admin=staffAdmin target=bidderBO0 reason=LOW_RATING
2026-05-11 02:24:58.635 INFO  [main] c.g.auction.service.AccountService - Ban user: admin=staffAdmin target=bidderBH3 reason=LOW_RATING
2026-05-11 02:24:58.651 INFO  [main] c.g.auction.service.AccountService - Ban user: admin=staffAdmin target=bidderBN9 reason=LOW_RATING
2026-05-11 02:24:58.651 INFO  [main] c.g.auction.service.AccountService - Ban user: admin=staffAdmin target=bidderBP1 reason=LOW_RATING
2026-05-11 02:24:58.651 INFO  [main] c.g.auction.service.AccountService - Ban user: admin=staffAdmin target=bidderBM8 reason=LOW_RATING
2026-05-11 02:24:58.651 INFO  [main] c.g.auction.service.AccountService - Ban user: admin=staffAdmin target=sellerBQ2 reason=SELLER_REFUND_DEFAULT
2026-05-11 02:24:58.651 INFO  [main] c.g.auction.service.AccountService - Ban user: admin=staffAdmin target=sellerBK6 reason=SELLER_REFUND_DEFAULT
2026-05-11 02:24:58.651 INFO  [main] c.g.auction.service.AccountService - Ban user: admin=staffAdmin target=bidderBT5 reason=LOW_RATING
2026-05-11 02:24:58.651 INFO  [main] c.g.auction.service.AccountService - Ban user: admin=staffAdmin target=bidderBL7 reason=LOW_RATING
2026-05-11 02:24:58.651 INFO  [main] c.g.auction.service.AccountService - Ban user: admin=staffAdmin target=bidderBJ5 reason=LOW_RATING
2026-05-11 02:24:58.667 INFO  [main] c.g.auction.service.AccountService - Ban user: admin=staffAdmin target=bidderBS4 reason=LOW_RATING
2026-05-11 02:24:58.667 INFO  [main] c.g.auction.service.AccountService - Auto-approve role Seller: user=bidderXX4
2026-05-11 02:24:58.667 INFO  [main] c.g.auction.service.AccountService - Auto-approve role Seller: user=bidderYY5
2026-05-11 02:24:58.682 INFO  [main] c.g.auction.service.AccountService - Auto-approve role Seller: user=bidderWW3
2026-05-11 02:24:58.682 INFO  [main] c.g.auction.service.AccountService - Auto-approve role Seller: user=bidderBG2
2026-05-11 02:24:58.698 INFO  [main] c.g.auction.service.AccountService - sellerAA1 đã có role Seller.
2026-05-11 02:24:59.207 INFO  [main] c.g.auction.service.AuctionService - Phiên bắt đầu: auctionId=02b92bfc-9635-4fd0-bd68-fe19c05844b7
2026-05-11 02:24:59.207 INFO  [main] c.g.auction.service.AuctionService - Tạo auction: auctionId=0e8f1381-e42e-4b27-82ec-5c048fcb095d reserve=1500000
2026-05-11 02:24:59.207 INFO  [main] c.g.auction.service.AuctionService - SYSTEM AUTO-CANCEL: auctionId=12d83bb9-4ec6-4ac8-ac87-0d02a376e590 reason=NO_WINNER
2026-05-11 02:24:59.207 INFO  [main] c.g.auction.service.AuctionService - Phiên đóng - không có ai đặt giá: auctionId=12d83bb9-4ec6-4ac8-ac87-0d02a376e590
2026-05-11 02:24:59.219 INFO  [main] c.g.auction.service.AuctionService - SYSTEM AUTO-CANCEL: auctionId=9d54749f-20a2-4871-9704-45830708f6eb reason=NO_WINNER
2026-05-11 02:24:59.219 INFO  [main] c.g.auction.service.AuctionService - SYSTEM AUTO-CANCEL: auctionId=9d54749f-20a2-4871-9704-45830708f6eb reason=NO_WINNER
2026-05-11 02:24:59.219 INFO  [main] c.g.auction.service.AuctionService - Tạo auction: auctionId=19063724-0891-4271-96c3-22cb010705dc reserve=2000000
2026-05-11 02:24:59.219 INFO  [main] c.g.auction.service.AuctionService - Phiên bắt đầu: auctionId=19063724-0891-4271-96c3-22cb010705dc
2026-05-11 02:24:59.219 INFO  [main] c.g.auction.service.AuctionService - SYSTEM AUTO-CANCEL: auctionId=19063724-0891-4271-96c3-22cb010705dc reason=NO_WINNER
2026-05-11 02:24:59.219 INFO  [main] c.g.auction.service.AuctionService - Phiên đóng - không có ai đặt giá: auctionId=19063724-0891-4271-96c3-22cb010705dc
2026-05-11 02:24:59.219 INFO  [main] c.g.auction.service.AuctionService - Tạo auction: auctionId=a27fded3-8237-44df-9454-f314b1a0d375 reserve=2000000
2026-05-11 02:24:59.219 INFO  [main] c.g.auction.service.AuctionService - Phiên bắt đầu: auctionId=a27fded3-8237-44df-9454-f314b1a0d375
2026-05-11 02:24:59.472 INFO  [main] c.g.auction.service.AuctionService - Cọc của winner giữ tại SystemBank (FUNDS_HELD): auctionId=a27fded3-8237-44df-9454-f314b1a0d375 winner=bidder01 deposit=300000
2026-05-11 02:24:59.472 INFO  [main] c.g.auction.service.AuctionService - Winner: auctionId=a27fded3-8237-44df-9454-f314b1a0d375 winner=bidder01 price=2500000
2026-05-11 02:24:59.488 INFO  [main] c.g.auction.service.AuctionService - Cọc của winner giữ tại SystemBank (FUNDS_HELD): auctionId=c8de180b-6afc-4dcc-ae21-cf8e944eb6a1 winner=bidder01 deposit=300000
2026-05-11 02:24:59.488 INFO  [main] c.g.auction.service.AuctionService - Winner: auctionId=c8de180b-6afc-4dcc-ae21-cf8e944eb6a1 winner=bidder01 price=2500000
2026-05-11 02:24:59.488 INFO  [main] c.g.auction.service.AuctionService - Cọc của winner giữ tại SystemBank (FUNDS_HELD): auctionId=fcd4e8be-5845-4a0e-95f9-063647fe279e winner=bidder01 deposit=300000
2026-05-11 02:24:59.488 INFO  [main] c.g.auction.service.AuctionService - Winner: auctionId=fcd4e8be-5845-4a0e-95f9-063647fe279e winner=bidder01 price=2500000
2026-05-11 02:24:59.488 INFO  [main] c.g.auction.service.AuctionService - SYSTEM AUTO-CANCEL: auctionId=4d685f2a-20b4-47f5-8320-a39d924a1956 reason=RESERVE_NOT_MET
2026-05-11 02:24:59.488 INFO  [main] c.g.auction.service.AuctionService - Phiên đóng - reserve chưa đạt: auctionId=4d685f2a-20b4-47f5-8320-a39d924a1956 highestPrice=1200000 reserve=2000000
2026-05-11 02:24:59.504 INFO  [main] c.g.auction.service.AuctionService - Cọc của winner giữ tại SystemBank (FUNDS_HELD): auctionId=34a3699a-0590-466c-98c0-743304971790 winner=bidder01 deposit=300000
2026-05-11 02:24:59.504 INFO  [main] c.g.auction.service.AuctionService - Winner: auctionId=34a3699a-0590-466c-98c0-743304971790 winner=bidder01 price=2500000
2026-05-11 02:24:59.507 INFO  [main] c.g.auction.service.AuctionService - Phiên bắt đầu: auctionId=06ccef91-ce7d-4769-b215-f1e909ff016d
2026-05-11 02:24:59.520 INFO  [main] c.g.auction.service.AuctionService - Phiên bắt đầu: auctionId=746ec4c0-e409-4440-8ca1-6f1ecf82e274
2026-05-11 02:24:59.520 INFO  [main] c.g.auction.service.AuctionService - SYSTEM AUTO-CANCEL: auctionId=6a0505ec-6f4e-41db-a6d5-7472ce022e96 reason=SELLER_REQUEST
2026-05-11 02:24:59.536 INFO  [main] c.g.auction.service.AuctionService - SYSTEM AUTO-CANCEL: auctionId=542d90b1-f795-40f0-8bcf-456d280b075e reason=SELLER_REQUEST
2026-05-11 02:24:59.536 INFO  [main] c.g.auction.service.AuctionService - STAFF CANCEL: staff=staff01 auctionId=70198a04-f825-43c9-8189-42e6edbda9d7 reason=FRAUDULENT_ITEM
2026-05-11 02:24:59.536 INFO  [main] c.g.auction.service.AuctionService - AUDIT: staff=staff01 auctionId=70198a04-f825-43c9-8189-42e6edbda9d7 reason=FRAUDULENT_ITEM
2026-05-11 02:24:59.536 INFO  [main] c.g.auction.service.AuctionService - STAFF CANCEL: staff=staff01 auctionId=40ddeee3-74af-4c9f-a2ca-6c3bcd15ff54 reason=FRAUDULENT_ITEM
2026-05-11 02:24:59.536 INFO  [main] c.g.auction.service.AuctionService - AUDIT: staff=staff01 auctionId=40ddeee3-74af-4c9f-a2ca-6c3bcd15ff54 reason=FRAUDULENT_ITEM
2026-05-11 02:24:59.536 INFO  [main] c.g.auction.service.AuctionService - STAFF CANCEL: staff=staff01 auctionId=8eb5456c-1b26-42b7-8d7b-182fa94ce43d reason=FRAUDULENT_ITEM
2026-05-11 02:24:59.536 INFO  [main] c.g.auction.service.AuctionService - AUDIT: staff=staff01 auctionId=8eb5456c-1b26-42b7-8d7b-182fa94ce43d reason=FRAUDULENT_ITEM
2026-05-11 02:24:59.536 INFO  [main] c.g.auction.service.AuctionService - SYSTEM AUTO-CANCEL: auctionId=00f982f1-0dfb-4916-af4f-409e99724a83 reason=SYSTEM_ERROR
2026-05-11 02:24:59.552 INFO  [main] c.g.auction.service.AuctionService - SYSTEM AUTO-CANCEL: auctionId=650d8d75-3a81-4336-8ac2-4e8cda9f903f reason=NO_WINNER
2026-05-11 02:24:59.552 INFO  [main] c.g.auction.service.AuctionService - SYSTEM AUTO-CANCEL: auctionId=1502c7e9-8eb7-4a78-8d2e-7618262cc366 reason=NO_WINNER
2026-05-11 02:24:59.552 INFO  [main] c.g.auction.service.AuctionService - SYSTEM AUTO-CANCEL: auctionId=7688f196-0575-4f2f-96df-715b492f78d7 reason=SELLER_REQUEST
2026-05-11 02:24:59.552 INFO  [main] c.g.auction.service.AuctionService - SYSTEM AUTO-CANCEL: auctionId=7b69ebc6-eb5e-4007-9db2-e4c6c134936f reason=SELLER_REQUEST
2026-05-11 02:24:59.568 INFO  [main] c.g.auction.service.AuctionService - Cọc của winner giữ tại SystemBank (FUNDS_HELD): auctionId=389b3597-3aab-404f-b9e4-193eedbb58f0 winner=bidder01 deposit=300000
2026-05-11 02:24:59.568 INFO  [main] c.g.auction.service.AuctionService - Winner: auctionId=389b3597-3aab-404f-b9e4-193eedbb58f0 winner=bidder01 price=2500000
2026-05-11 02:24:59.568 INFO  [main] c.g.auction.service.AuctionService - Cọc của winner giữ tại SystemBank (FUNDS_HELD): auctionId=297059bb-6539-4188-ab93-1c718935f36a winner=bidder01 deposit=300000
2026-05-11 02:24:59.568 INFO  [main] c.g.auction.service.AuctionService - Winner: auctionId=297059bb-6539-4188-ab93-1c718935f36a winner=bidder01 price=2500000
2026-05-11 02:24:59.583 INFO  [main] c.g.auction.service.AuctionService - SYSTEM AUTO-CANCEL: auctionId=38b162e5-48ca-4017-9b0c-335885855677 reason=RESERVE_NOT_MET
2026-05-11 02:24:59.583 INFO  [main] c.g.auction.service.AuctionService - Phiên đóng - reserve chưa đạt: auctionId=38b162e5-48ca-4017-9b0c-335885855677 highestPrice=1200000 reserve=2000000
2026-05-11 02:24:59.583 INFO  [main] c.g.auction.service.AuctionService - Cọc của winner giữ tại SystemBank (FUNDS_HELD): auctionId=d0e8a1b8-ebeb-407b-a16d-e9793afa0983 winner=bidder01 deposit=300000
2026-05-11 02:24:59.583 INFO  [main] c.g.auction.service.AuctionService - Winner: auctionId=d0e8a1b8-ebeb-407b-a16d-e9793afa0983 winner=bidder01 price=2500000
2026-05-11 02:24:59.583 INFO  [main] c.g.auction.service.AuctionService - SYSTEM AUTO-CANCEL: auctionId=add0e409-cd12-4c60-83fe-7486d17b8152 reason=RESERVE_NOT_MET
2026-05-11 02:24:59.583 INFO  [main] c.g.auction.service.AuctionService - Phiên đóng - reserve chưa đạt: auctionId=add0e409-cd12-4c60-83fe-7486d17b8152 highestPrice=1200000 reserve=2000000
2026-05-11 02:24:59.583 INFO  [main] c.g.auction.service.AuctionService - Cọc của winner giữ tại SystemBank (FUNDS_HELD): auctionId=0f440248-f7e9-4ef1-9760-d0f92b764ae0 winner=bidder01 deposit=300000
2026-05-11 02:24:59.583 INFO  [main] c.g.auction.service.AuctionService - Winner: auctionId=0f440248-f7e9-4ef1-9760-d0f92b764ae0 winner=bidder01 price=2500000
2026-05-11 02:24:59.583 INFO  [main] c.g.auction.service.AuctionService - Cọc của winner giữ tại SystemBank (FUNDS_HELD): auctionId=8926134b-02ac-44b8-8593-122b886d74fc winner=bidder01 deposit=300000
2026-05-11 02:24:59.583 INFO  [main] c.g.auction.service.AuctionService - Winner: auctionId=8926134b-02ac-44b8-8593-122b886d74fc winner=bidder01 price=2500000
2026-05-11 02:24:59.600 INFO  [main] c.g.auction.service.AuctionService - SYSTEM AUTO-CANCEL: auctionId=e18fe93e-61be-4836-a8fb-31fede5d9a49 reason=NO_WINNER
2026-05-11 02:24:59.600 INFO  [main] c.g.auction.service.AuctionService - Phiên đóng - không có ai đặt giá: auctionId=e18fe93e-61be-4836-a8fb-31fede5d9a49
2026-05-11 02:24:59.600 INFO  [main] c.g.auction.service.AuctionService - SYSTEM AUTO-CANCEL: auctionId=ecfcda59-228e-45bd-8a38-07056d0e1b52 reason=NO_WINNER
2026-05-11 02:24:59.600 INFO  [main] c.g.auction.service.AuctionService - Phiên đóng - không có ai đặt giá: auctionId=ecfcda59-228e-45bd-8a38-07056d0e1b52
2026-05-11 02:24:59.600 INFO  [main] c.g.auction.service.AuctionService - SYSTEM AUTO-CANCEL: auctionId=98b0d597-4e47-4999-b7df-b540695f7d32 reason=NO_WINNER
2026-05-11 02:24:59.600 INFO  [main] c.g.auction.service.AuctionService - Phiên đóng - không có ai đặt giá: auctionId=98b0d597-4e47-4999-b7df-b540695f7d32
2026-05-11 02:24:59.607 INFO  [main] c.g.auction.service.AuctionService - Phiên bắt đầu: auctionId=416c1821-9e66-49a1-a76f-3467eff12b30
2026-05-11 02:24:59.607 INFO  [main] c.g.auction.service.AuctionService - Phiên bắt đầu: auctionId=9d600b2d-c3c8-4cf6-88e8-ca6ae242fb1f
2026-05-11 02:24:59.607 INFO  [main] c.g.auction.service.AuctionService - Phiên bắt đầu: auctionId=37af5497-501d-4a3e-a1e5-e8fa56eb7f1c
2026-05-11 02:24:59.615 INFO  [main] c.g.auction.service.AuctionService - Tạo auction: auctionId=844864ef-e87d-4113-8bf4-f12bd608873a reserve=1500000
2026-05-11 02:24:59.615 INFO  [main] c.g.auction.service.AuctionService - Tạo auction: auctionId=02cf2f19-83de-4c85-9ba7-906aec910694 reserve=2000000
2026-05-11 02:24:59.615 INFO  [main] c.g.auction.service.AuctionService - Tạo auction: auctionId=c51644d3-cef9-4d9c-8882-2d5c11555fbf reserve=1500000
2026-05-11 02:24:59.615 INFO  [main] c.g.auction.service.AuctionService - Tạo auction: auctionId=7b530968-754e-4733-b682-c0e7ebc8f9d0 reserve=1500000
2026-05-11 02:25:00.216 INFO  [main] c.group13.auction.service.BidService - bidderUser1 đặt giá 1200000 — chưa đạt reserve price (2000000).
2026-05-11 02:25:00.216 INFO  [main] c.group13.auction.service.BidService - bidderFF1 đặt giá 1400000 — chưa đạt reserve price (2000000).
2026-05-11 02:25:00.216 INFO  [main] c.group13.auction.service.BidService - bidderUser1 đặt giá 1600000 — chưa đạt reserve price (2000000).
2026-05-11 02:25:00.216 INFO  [main] c.group13.auction.service.BidService - bidderUser1 đặt giá 1200000 — chưa đạt reserve price (2000000).
2026-05-11 02:25:00.216 INFO  [main] c.group13.auction.service.BidService - bidderUser1 đặt giá 1400000 — chưa đạt reserve price (2000000).
2026-05-11 02:25:00.216 INFO  [main] c.group13.auction.service.BidService - bidderUser1 đặt giá 1200000 — chưa đạt reserve price (2000000).
2026-05-11 02:25:00.216 INFO  [main] c.group13.auction.service.BidService - bidderEE1 đặt giá 1400000 — chưa đạt reserve price (2000000).
2026-05-11 02:25:00.216 INFO  [main] c.group13.auction.service.BidService - bidderUser1 theo dõi phiên d1eed459-05bd-4438-99b6-4fe5bbf94943.
2026-05-11 02:25:00.216 INFO  [main] c.group13.auction.service.BidService - bidderUser1 theo dõi phiên d5490257-7d46-4ea3-8ae1-af3542ce08bb.
2026-05-11 02:25:00.216 INFO  [main] c.group13.auction.service.BidService - bidderUser1 theo dõi phiên 2bbbf8ce-04c1-4b2e-8d58-5d7e69c50e0d.
2026-05-11 02:25:00.216 INFO  [main] c.group13.auction.service.BidService - bidderUser1 theo dõi phiên af668b68-f10b-4fb1-813c-419946714c94.
2026-05-11 02:25:00.232 INFO  [main] c.group13.auction.service.BidService - sellerUser1 tham gia phiên 6276c492-847c-413d-a833-5e2cf0080a4b | Cọc khóa: 300000
2026-05-11 02:25:00.248 INFO  [main] c.group13.auction.service.BidService - freshBidr1 tham gia phiên 7eb0a34b-9a08-4dd3-8471-ea20ec7ba313 | Cọc khóa: 300000
2026-05-11 02:25:00.248 INFO  [main] c.group13.auction.service.BidService - freshBidr1 tham gia phiên 7192c5b7-c97d-4a5f-bcf9-618085a0666c | Cọc khóa: 300000
2026-05-11 02:25:00.248 INFO  [main] c.group13.auction.service.BidService - freshBidr1 đã tham gia phiên df50dd4a-f68f-458f-8d01-bb15bea30f7b trước đó.
2026-05-11 02:25:00.248 INFO  [main] c.group13.auction.service.BidService - freshBidr1 tham gia phiên 0004f728-508b-429f-8a24-c0a0ac21aed7 | Cọc khóa: 300000
2026-05-11 02:25:00.263 INFO  [main] c.group13.auction.service.BidService - freshBidr1 tham gia phiên f865aab5-3fc7-48be-86a1-4df807673116 | Cọc khóa: 300000
2026-05-11 02:25:00.263 INFO  [main] c.group13.auction.service.BidService - freshBidr1 tham gia phiên 8d266413-6e6c-48f2-8d22-4f51f7286851 | Cọc khóa: 300000
2026-05-11 02:25:00.263 INFO  [main] c.group13.auction.service.BidService - freshBidr1 tham gia phiên 801385ba-5473-4ec3-9664-4b583dc8e858 | Cọc khóa: 300000
2026-05-11 02:25:00.263 INFO  [main] c.group13.auction.service.BidService - bidderUser1 đặt giá 2000000 thành công!
2026-05-11 02:25:00.279 INFO  [main] c.group13.auction.service.BidService - bidderUser1 đặt giá 1200000 — chưa đạt reserve price (2000000).
2026-05-11 02:25:00.279 INFO  [main] c.group13.auction.service.BidService - bidderUser1 đặt giá 1200000 — chưa đạt reserve price (2000000).
2026-05-11 02:25:00.279 INFO  [main] c.group13.auction.service.BidService - bidderUser1 đặt giá 1200000 — chưa đạt reserve price (2000000).
2026-05-11 02:25:00.279 INFO  [main] c.group13.auction.service.BidService - bidderUser1 đặt giá 1200000 — chưa đạt reserve price (2000000).
2026-05-11 02:25:00.279 INFO  [main] c.group13.auction.service.BidService - bidderUser1 đặt giá 1200000 — chưa đạt reserve price (2000000).
2026-05-11 02:25:00.279 INFO  [main] c.group13.auction.service.BidService - bidderUser1 đặt giá 1200000 — chưa đạt reserve price (2000000).
2026-05-11 02:25:00.343 INFO  [main] c.group13.auction.service.BidService - bidderUser1 đặt giá 1200000 — chưa đạt reserve price (2000000).
2026-05-11 02:25:00.343 INFO  [main] c.group13.auction.service.BidService - bidderUser1 đặt giá 1200000 — chưa đạt reserve price (2000000).
2026-05-11 02:25:00.343 INFO  [main] c.group13.auction.service.BidService - bidderUser1 đặt giá 1200000 — chưa đạt reserve price (2000000).
2026-05-11 02:25:00.343 INFO  [main] c.group13.auction.service.BidService - bidderUser1 đặt giá 2500000 thành công!
2026-05-11 02:25:00.358 INFO  [main] c.group13.auction.service.BidService - bidderUser1 đặt giá 2500000 thành công!
2026-05-11 02:25:00.358 INFO  [main] c.group13.auction.service.BidService - bidderUser1 đặt giá 2500000 thành công!
2026-05-11 02:25:00.358 INFO  [main] c.group13.auction.service.BidService - bidderUser1 đặt giá 2500000 thành công!
2026-05-11 02:25:00.358 INFO  [main] c.group13.auction.service.BidService - bidderUser1 đặt giá 2500000 thành công!
2026-05-11 02:25:00.358 INFO  [main] c.group13.auction.service.BidService - bidderUser1 đặt giá 2500000 thành công!
2026-05-11 02:48:51.932 INFO  [main] c.g.auction.service.AccountService - Ban user: admin=staffAdmin target=bidderBI4 reason=LOW_RATING
2026-05-11 02:48:51.948 INFO  [main] c.g.auction.service.AccountService - Ban user: admin=staffAdmin target=bidderBR3 reason=LOW_RATING
2026-05-11 02:48:51.948 INFO  [main] c.g.auction.service.AccountService - Ban user: admin=staffAdmin target=bidderBO0 reason=LOW_RATING
2026-05-11 02:48:51.948 INFO  [main] c.g.auction.service.AccountService - Ban user: admin=staffAdmin target=bidderBH3 reason=LOW_RATING
2026-05-11 02:48:51.948 INFO  [main] c.g.auction.service.AccountService - Ban user: admin=staffAdmin target=bidderBN9 reason=LOW_RATING
2026-05-11 02:48:51.948 INFO  [main] c.g.auction.service.AccountService - Ban user: admin=staffAdmin target=bidderBP1 reason=LOW_RATING
2026-05-11 02:48:51.948 INFO  [main] c.g.auction.service.AccountService - Ban user: admin=staffAdmin target=bidderBM8 reason=LOW_RATING
2026-05-11 02:48:51.948 INFO  [main] c.g.auction.service.AccountService - Ban user: admin=staffAdmin target=sellerBQ2 reason=SELLER_REFUND_DEFAULT
2026-05-11 02:48:51.963 INFO  [main] c.g.auction.service.AccountService - Ban user: admin=staffAdmin target=sellerBK6 reason=SELLER_REFUND_DEFAULT
2026-05-11 02:48:51.963 INFO  [main] c.g.auction.service.AccountService - Ban user: admin=staffAdmin target=bidderBT5 reason=LOW_RATING
2026-05-11 02:48:51.963 INFO  [main] c.g.auction.service.AccountService - Ban user: admin=staffAdmin target=bidderBL7 reason=LOW_RATING
2026-05-11 02:48:51.963 INFO  [main] c.g.auction.service.AccountService - Ban user: admin=staffAdmin target=bidderBJ5 reason=LOW_RATING
2026-05-11 02:48:51.963 INFO  [main] c.g.auction.service.AccountService - Ban user: admin=staffAdmin target=bidderBS4 reason=LOW_RATING
2026-05-11 02:48:51.979 INFO  [main] c.g.auction.service.AccountService - Auto-approve role Seller: user=bidderXX4
2026-05-11 02:48:51.997 INFO  [main] c.g.auction.service.AccountService - Auto-approve role Seller: user=bidderYY5
2026-05-11 02:48:51.997 INFO  [main] c.g.auction.service.AccountService - Auto-approve role Seller: user=bidderWW3
2026-05-11 02:48:52.011 INFO  [main] c.g.auction.service.AccountService - Auto-approve role Seller: user=bidderBG2
2026-05-11 02:48:52.011 INFO  [main] c.g.auction.service.AccountService - sellerAA1 đã có role Seller.
2026-05-11 02:48:52.440 INFO  [main] c.g.auction.service.AuctionService - Phiên bắt đầu: auctionId=c44e409c-301c-414d-a260-915e0b38ee2f
2026-05-11 02:48:52.456 INFO  [main] c.g.auction.service.AuctionService - Tạo auction: auctionId=69030d64-9ea0-4c07-9e86-a83b241776e0 reserve=1500000
2026-05-11 02:48:52.456 INFO  [main] c.g.auction.service.AuctionService - SYSTEM AUTO-CANCEL: auctionId=f69744de-6428-4e6c-b5f0-ba4d75a43fed reason=NO_WINNER
2026-05-11 02:48:52.461 INFO  [main] c.g.auction.service.AuctionService - Phiên đóng - không có ai đặt giá: auctionId=f69744de-6428-4e6c-b5f0-ba4d75a43fed
2026-05-11 02:48:52.461 INFO  [main] c.g.auction.service.AuctionService - SYSTEM AUTO-CANCEL: auctionId=9030c9f3-fa63-4cdb-abcd-5902e2b1fc2a reason=NO_WINNER
2026-05-11 02:48:52.461 INFO  [main] c.g.auction.service.AuctionService - SYSTEM AUTO-CANCEL: auctionId=9030c9f3-fa63-4cdb-abcd-5902e2b1fc2a reason=NO_WINNER
2026-05-11 02:48:52.461 INFO  [main] c.g.auction.service.AuctionService - Tạo auction: auctionId=51f5e825-351a-48f6-ae97-be116242580f reserve=2000000
2026-05-11 02:48:52.461 INFO  [main] c.g.auction.service.AuctionService - Phiên bắt đầu: auctionId=51f5e825-351a-48f6-ae97-be116242580f
2026-05-11 02:48:52.461 INFO  [main] c.g.auction.service.AuctionService - SYSTEM AUTO-CANCEL: auctionId=51f5e825-351a-48f6-ae97-be116242580f reason=NO_WINNER
2026-05-11 02:48:52.461 INFO  [main] c.g.auction.service.AuctionService - Phiên đóng - không có ai đặt giá: auctionId=51f5e825-351a-48f6-ae97-be116242580f
2026-05-11 02:48:52.461 INFO  [main] c.g.auction.service.AuctionService - Tạo auction: auctionId=d8fa3f8c-ef6c-4dd2-a88c-8922785bb1b5 reserve=2000000
2026-05-11 02:48:52.461 INFO  [main] c.g.auction.service.AuctionService - Phiên bắt đầu: auctionId=d8fa3f8c-ef6c-4dd2-a88c-8922785bb1b5
2026-05-11 02:48:52.715 INFO  [main] c.g.auction.service.AuctionService - Cọc của winner giữ tại SystemBank (FUNDS_HELD): auctionId=d8fa3f8c-ef6c-4dd2-a88c-8922785bb1b5 winner=bidder01 deposit=300000
2026-05-11 02:48:52.715 INFO  [main] c.g.auction.service.AuctionService - Winner: auctionId=d8fa3f8c-ef6c-4dd2-a88c-8922785bb1b5 winner=bidder01 price=2500000
2026-05-11 02:48:52.726 INFO  [main] c.g.auction.service.AuctionService - Cọc của winner giữ tại SystemBank (FUNDS_HELD): auctionId=2bc25c0e-305f-44d7-92e3-39ebdf1af767 winner=bidder01 deposit=300000
2026-05-11 02:48:52.726 INFO  [main] c.g.auction.service.AuctionService - Winner: auctionId=2bc25c0e-305f-44d7-92e3-39ebdf1af767 winner=bidder01 price=2500000
2026-05-11 02:48:52.735 INFO  [main] c.g.auction.service.AuctionService - Cọc của winner giữ tại SystemBank (FUNDS_HELD): auctionId=4830b693-4505-46d4-8b66-8a5b8cf9b4ad winner=bidder01 deposit=300000
2026-05-11 02:48:52.735 INFO  [main] c.g.auction.service.AuctionService - Winner: auctionId=4830b693-4505-46d4-8b66-8a5b8cf9b4ad winner=bidder01 price=2500000
2026-05-11 02:48:52.735 INFO  [main] c.g.auction.service.AuctionService - SYSTEM AUTO-CANCEL: auctionId=87fc1deb-ca41-47b7-8b0a-743e12e31724 reason=RESERVE_NOT_MET
2026-05-11 02:48:52.736 INFO  [main] c.g.auction.service.AuctionService - Phiên đóng - reserve chưa đạt: auctionId=87fc1deb-ca41-47b7-8b0a-743e12e31724 highestPrice=1200000 reserve=2000000
2026-05-11 02:48:52.741 INFO  [main] c.g.auction.service.AuctionService - Cọc của winner giữ tại SystemBank (FUNDS_HELD): auctionId=daf4d7b5-1910-4ac7-8aed-7cb659ccf8fb winner=bidder01 deposit=300000
2026-05-11 02:48:52.741 INFO  [main] c.g.auction.service.AuctionService - Winner: auctionId=daf4d7b5-1910-4ac7-8aed-7cb659ccf8fb winner=bidder01 price=2500000
2026-05-11 02:48:52.743 INFO  [main] c.g.auction.service.AuctionService - Phiên bắt đầu: auctionId=68847fb0-8355-4280-8289-6ce2af2ace31
2026-05-11 02:48:52.743 INFO  [main] c.g.auction.service.AuctionService - Phiên bắt đầu: auctionId=95cd4255-2067-4514-ab86-ef5b59a1cdfb
2026-05-11 02:48:52.758 INFO  [main] c.g.auction.service.AuctionService - SYSTEM AUTO-CANCEL: auctionId=3e5c8867-92b1-4799-b88a-d9b7aee52943 reason=SELLER_REQUEST
2026-05-11 02:48:52.758 INFO  [main] c.g.auction.service.AuctionService - SYSTEM AUTO-CANCEL: auctionId=5fda3807-9d58-4247-9694-6dc9c8ba293d reason=SELLER_REQUEST
2026-05-11 02:48:52.758 INFO  [main] c.g.auction.service.AuctionService - STAFF CANCEL: staff=staff01 auctionId=6a438a65-f96a-4550-ad0a-e7a5d54a1313 reason=FRAUDULENT_ITEM
2026-05-11 02:48:52.758 INFO  [main] c.g.auction.service.AuctionService - AUDIT: staff=staff01 auctionId=6a438a65-f96a-4550-ad0a-e7a5d54a1313 reason=FRAUDULENT_ITEM
2026-05-11 02:48:52.758 INFO  [main] c.g.auction.service.AuctionService - STAFF CANCEL: staff=staff01 auctionId=1f89b026-be2a-4f3c-a723-a1f620d69c69 reason=FRAUDULENT_ITEM
2026-05-11 02:48:52.758 INFO  [main] c.g.auction.service.AuctionService - AUDIT: staff=staff01 auctionId=1f89b026-be2a-4f3c-a723-a1f620d69c69 reason=FRAUDULENT_ITEM
2026-05-11 02:48:52.758 INFO  [main] c.g.auction.service.AuctionService - STAFF CANCEL: staff=staff01 auctionId=1c1420a9-723b-46d0-9b85-b15240b5e4b1 reason=FRAUDULENT_ITEM
2026-05-11 02:48:52.758 INFO  [main] c.g.auction.service.AuctionService - AUDIT: staff=staff01 auctionId=1c1420a9-723b-46d0-9b85-b15240b5e4b1 reason=FRAUDULENT_ITEM
2026-05-11 02:48:52.774 INFO  [main] c.g.auction.service.AuctionService - SYSTEM AUTO-CANCEL: auctionId=a3be6b10-5f37-471a-ab8c-7c25ca4999e3 reason=SYSTEM_ERROR
2026-05-11 02:48:52.774 INFO  [main] c.g.auction.service.AuctionService - SYSTEM AUTO-CANCEL: auctionId=a27d795a-f6ec-4a38-bc5d-326e622fbd8f reason=NO_WINNER
2026-05-11 02:48:52.774 INFO  [main] c.g.auction.service.AuctionService - SYSTEM AUTO-CANCEL: auctionId=754695d9-7668-4e53-9614-e077951099e8 reason=NO_WINNER
2026-05-11 02:48:52.774 INFO  [main] c.g.auction.service.AuctionService - SYSTEM AUTO-CANCEL: auctionId=12ae2fa3-905f-49f5-abf6-29a48d387b1b reason=SELLER_REQUEST
2026-05-11 02:48:52.774 INFO  [main] c.g.auction.service.AuctionService - SYSTEM AUTO-CANCEL: auctionId=d2eed619-92ea-4186-a3fb-1c118ff03aaf reason=SELLER_REQUEST
2026-05-11 02:48:52.789 INFO  [main] c.g.auction.service.AuctionService - Cọc của winner giữ tại SystemBank (FUNDS_HELD): auctionId=489137f2-4207-4d75-803f-11cd3bd53510 winner=bidder01 deposit=300000
2026-05-11 02:48:52.789 INFO  [main] c.g.auction.service.AuctionService - Winner: auctionId=489137f2-4207-4d75-803f-11cd3bd53510 winner=bidder01 price=2500000
2026-05-11 02:48:52.789 INFO  [main] c.g.auction.service.AuctionService - Cọc của winner giữ tại SystemBank (FUNDS_HELD): auctionId=6d396a81-b8ac-4f37-825b-f71a124957c2 winner=bidder01 deposit=300000
2026-05-11 02:48:52.789 INFO  [main] c.g.auction.service.AuctionService - Winner: auctionId=6d396a81-b8ac-4f37-825b-f71a124957c2 winner=bidder01 price=2500000
2026-05-11 02:48:52.789 INFO  [main] c.g.auction.service.AuctionService - SYSTEM AUTO-CANCEL: auctionId=d8cf631f-63fe-41b4-b9e8-214fb7d3eb3d reason=RESERVE_NOT_MET
2026-05-11 02:48:52.789 INFO  [main] c.g.auction.service.AuctionService - Phiên đóng - reserve chưa đạt: auctionId=d8cf631f-63fe-41b4-b9e8-214fb7d3eb3d highestPrice=1200000 reserve=2000000
2026-05-11 02:48:52.805 INFO  [main] c.g.auction.service.AuctionService - Cọc của winner giữ tại SystemBank (FUNDS_HELD): auctionId=f41b0bd5-b44e-4403-b3b4-fe08b2e8916d winner=bidder01 deposit=300000
2026-05-11 02:48:52.805 INFO  [main] c.g.auction.service.AuctionService - Winner: auctionId=f41b0bd5-b44e-4403-b3b4-fe08b2e8916d winner=bidder01 price=2500000
2026-05-11 02:48:52.805 INFO  [main] c.g.auction.service.AuctionService - SYSTEM AUTO-CANCEL: auctionId=02788368-344c-4eed-ba14-d47850c15e68 reason=RESERVE_NOT_MET
2026-05-11 02:48:52.805 INFO  [main] c.g.auction.service.AuctionService - Phiên đóng - reserve chưa đạt: auctionId=02788368-344c-4eed-ba14-d47850c15e68 highestPrice=1200000 reserve=2000000
2026-05-11 02:48:52.805 INFO  [main] c.g.auction.service.AuctionService - Cọc của winner giữ tại SystemBank (FUNDS_HELD): auctionId=b1c64b66-d0e5-4a63-beeb-2e523d6c2bb6 winner=bidder01 deposit=300000
2026-05-11 02:48:52.805 INFO  [main] c.g.auction.service.AuctionService - Winner: auctionId=b1c64b66-d0e5-4a63-beeb-2e523d6c2bb6 winner=bidder01 price=2500000
2026-05-11 02:48:52.805 INFO  [main] c.g.auction.service.AuctionService - Cọc của winner giữ tại SystemBank (FUNDS_HELD): auctionId=1df33c83-1167-4ac2-8895-5f2a019b3ea5 winner=bidder01 deposit=300000
2026-05-11 02:48:52.805 INFO  [main] c.g.auction.service.AuctionService - Winner: auctionId=1df33c83-1167-4ac2-8895-5f2a019b3ea5 winner=bidder01 price=2500000
2026-05-11 02:48:52.805 INFO  [main] c.g.auction.service.AuctionService - SYSTEM AUTO-CANCEL: auctionId=33ad2fd5-9e39-4609-8605-85188242f5ab reason=NO_WINNER
2026-05-11 02:48:52.805 INFO  [main] c.g.auction.service.AuctionService - Phiên đóng - không có ai đặt giá: auctionId=33ad2fd5-9e39-4609-8605-85188242f5ab
2026-05-11 02:48:52.805 INFO  [main] c.g.auction.service.AuctionService - SYSTEM AUTO-CANCEL: auctionId=e66edf5d-b25b-41f6-8ef4-66be12c01d10 reason=NO_WINNER
2026-05-11 02:48:52.805 INFO  [main] c.g.auction.service.AuctionService - Phiên đóng - không có ai đặt giá: auctionId=e66edf5d-b25b-41f6-8ef4-66be12c01d10
2026-05-11 02:48:52.821 INFO  [main] c.g.auction.service.AuctionService - SYSTEM AUTO-CANCEL: auctionId=dfbfb8d7-011e-41c8-b662-44f68c4e02f0 reason=NO_WINNER
2026-05-11 02:48:52.821 INFO  [main] c.g.auction.service.AuctionService - Phiên đóng - không có ai đặt giá: auctionId=dfbfb8d7-011e-41c8-b662-44f68c4e02f0
2026-05-11 02:48:52.821 INFO  [main] c.g.auction.service.AuctionService - Phiên bắt đầu: auctionId=7eb81ff5-9545-4aed-b92a-86a42c083b16
2026-05-11 02:48:52.827 INFO  [main] c.g.auction.service.AuctionService - Phiên bắt đầu: auctionId=3fcfa6dd-6a10-4420-a214-db3048c5ff31
2026-05-11 02:48:52.827 INFO  [main] c.g.auction.service.AuctionService - Phiên bắt đầu: auctionId=27f17f2a-7fcd-41af-8dcb-276570729801
2026-05-11 02:48:52.836 INFO  [main] c.g.auction.service.AuctionService - Tạo auction: auctionId=8c07d655-e04b-416a-9172-e39ddde93e50 reserve=1500000
2026-05-11 02:48:52.836 INFO  [main] c.g.auction.service.AuctionService - Tạo auction: auctionId=b5b85396-5f7f-449b-b15d-49e15aa46d88 reserve=2000000
2026-05-11 02:48:52.836 INFO  [main] c.g.auction.service.AuctionService - Tạo auction: auctionId=9c8a1716-0d68-4e6f-8813-c3d6f0059b76 reserve=1500000
2026-05-11 02:48:52.836 INFO  [main] c.g.auction.service.AuctionService - Tạo auction: auctionId=58a78282-6a77-45c5-b3cc-0343e3ad7b3c reserve=1500000
2026-05-11 02:48:53.451 INFO  [main] c.group13.auction.service.BidService - bidderUser1 đặt giá 1200000 — chưa đạt reserve price (2000000).
2026-05-11 02:48:53.451 INFO  [main] c.group13.auction.service.BidService - bidderFF1 đặt giá 1400000 — chưa đạt reserve price (2000000).
2026-05-11 02:48:53.451 INFO  [main] c.group13.auction.service.BidService - bidderUser1 đặt giá 1600000 — chưa đạt reserve price (2000000).
2026-05-11 02:48:53.465 INFO  [main] c.group13.auction.service.BidService - bidderUser1 đặt giá 1200000 — chưa đạt reserve price (2000000).
2026-05-11 02:48:53.465 INFO  [main] c.group13.auction.service.BidService - bidderUser1 đặt giá 1400000 — chưa đạt reserve price (2000000).
2026-05-11 02:48:53.465 INFO  [main] c.group13.auction.service.BidService - bidderUser1 đặt giá 1200000 — chưa đạt reserve price (2000000).
2026-05-11 02:48:53.467 INFO  [main] c.group13.auction.service.BidService - bidderEE1 đặt giá 1400000 — chưa đạt reserve price (2000000).
2026-05-11 02:48:53.468 INFO  [main] c.group13.auction.service.BidService - bidderUser1 theo dõi phiên f03491cd-f5c6-40a4-87d3-d0769a1c3e3a.
2026-05-11 02:48:53.468 INFO  [main] c.group13.auction.service.BidService - bidderUser1 theo dõi phiên 86826f6b-f0b1-4d1a-a0f4-f1cad68101ff.
2026-05-11 02:48:53.468 INFO  [main] c.group13.auction.service.BidService - bidderUser1 theo dõi phiên 8f777a98-b2fe-4d35-93c3-c515270ac6eb.
2026-05-11 02:48:53.468 INFO  [main] c.group13.auction.service.BidService - bidderUser1 theo dõi phiên de89e6b0-9263-405d-a8ac-ece2a828d607.
2026-05-11 02:48:53.492 INFO  [main] c.group13.auction.service.BidService - sellerUser1 tham gia phiên 57bfae3f-d874-48ad-a8c0-ed0b3b6edd59 | Cọc khóa: 300000
2026-05-11 02:48:53.494 INFO  [main] c.group13.auction.service.BidService - freshBidr1 tham gia phiên 3c709497-1371-4748-b9df-e66d5591831b | Cọc khóa: 300000
2026-05-11 02:48:53.494 INFO  [main] c.group13.auction.service.BidService - freshBidr1 tham gia phiên 60062bba-8639-4fca-acb4-b33c3d6031f0 | Cọc khóa: 300000
2026-05-11 02:48:53.499 INFO  [main] c.group13.auction.service.BidService - freshBidr1 đã tham gia phiên f93f7a0c-1fa0-42ca-9a03-ae5454391295 trước đó.
2026-05-11 02:48:53.504 INFO  [main] c.group13.auction.service.BidService - freshBidr1 tham gia phiên 7261546b-08ba-490e-85db-ec325e0c2932 | Cọc khóa: 300000
2026-05-11 02:48:53.504 INFO  [main] c.group13.auction.service.BidService - freshBidr1 tham gia phiên db39fc30-0aa7-4f5a-b2b8-c0dfded3a17e | Cọc khóa: 300000
2026-05-11 02:48:53.514 INFO  [main] c.group13.auction.service.BidService - freshBidr1 tham gia phiên 251dd6ba-0701-4a79-9a97-7127f0d4cc6f | Cọc khóa: 300000
2026-05-11 02:48:53.517 INFO  [main] c.group13.auction.service.BidService - freshBidr1 tham gia phiên 62537a5d-ec15-4abe-8d12-6be1e669b98f | Cọc khóa: 300000
2026-05-11 02:48:53.517 INFO  [main] c.group13.auction.service.BidService - bidderUser1 đặt giá 2000000 thành công!
2026-05-11 02:48:53.517 INFO  [main] c.group13.auction.service.BidService - bidderUser1 đặt giá 1200000 — chưa đạt reserve price (2000000).
2026-05-11 02:48:53.531 INFO  [main] c.group13.auction.service.BidService - bidderUser1 đặt giá 1200000 — chưa đạt reserve price (2000000).
2026-05-11 02:48:53.534 INFO  [main] c.group13.auction.service.BidService - bidderUser1 đặt giá 1200000 — chưa đạt reserve price (2000000).
2026-05-11 02:48:53.536 INFO  [main] c.group13.auction.service.BidService - bidderUser1 đặt giá 1200000 — chưa đạt reserve price (2000000).
2026-05-11 02:48:53.538 INFO  [main] c.group13.auction.service.BidService - bidderUser1 đặt giá 1200000 — chưa đạt reserve price (2000000).
2026-05-11 02:48:53.540 INFO  [main] c.group13.auction.service.BidService - bidderUser1 đặt giá 1200000 — chưa đạt reserve price (2000000).
2026-05-11 02:48:53.597 INFO  [main] c.group13.auction.service.BidService - bidderUser1 đặt giá 1200000 — chưa đạt reserve price (2000000).
2026-05-11 02:48:53.605 INFO  [main] c.group13.auction.service.BidService - bidderUser1 đặt giá 1200000 — chưa đạt reserve price (2000000).
2026-05-11 02:48:53.609 INFO  [main] c.group13.auction.service.BidService - bidderUser1 đặt giá 1200000 — chưa đạt reserve price (2000000).
2026-05-11 02:48:53.610 INFO  [main] c.group13.auction.service.BidService - bidderUser1 đặt giá 2500000 thành công!
2026-05-11 02:48:53.612 INFO  [main] c.group13.auction.service.BidService - bidderUser1 đặt giá 2500000 thành công!
2026-05-11 02:48:53.612 INFO  [main] c.group13.auction.service.BidService - bidderUser1 đặt giá 2500000 thành công!
2026-05-11 02:48:53.612 INFO  [main] c.group13.auction.service.BidService - bidderUser1 đặt giá 2500000 thành công!
2026-05-11 02:48:53.612 INFO  [main] c.group13.auction.service.BidService - bidderUser1 đặt giá 2500000 thành công!
2026-05-11 02:48:53.612 INFO  [main] c.group13.auction.service.BidService - bidderUser1 đặt giá 2500000 thành công!
2026-05-11 10:40:51.890 INFO  [main] c.g.auction.service.AccountService - Ban user: admin=staffAdmin target=bidderBI4 reason=LOW_RATING
2026-05-11 10:40:51.890 INFO  [main] c.g.auction.service.AccountService - Ban user: admin=staffAdmin target=bidderBR3 reason=LOW_RATING
2026-05-11 10:40:51.890 INFO  [main] c.g.auction.service.AccountService - Ban user: admin=staffAdmin target=bidderBO0 reason=LOW_RATING
2026-05-11 10:40:51.903 INFO  [main] c.g.auction.service.AccountService - Ban user: admin=staffAdmin target=bidderBH3 reason=LOW_RATING
2026-05-11 10:40:51.903 INFO  [main] c.g.auction.service.AccountService - Ban user: admin=staffAdmin target=bidderBN9 reason=LOW_RATING
2026-05-11 10:40:51.903 INFO  [main] c.g.auction.service.AccountService - Ban user: admin=staffAdmin target=bidderBP1 reason=LOW_RATING
2026-05-11 10:40:51.903 INFO  [main] c.g.auction.service.AccountService - Ban user: admin=staffAdmin target=bidderBM8 reason=LOW_RATING
2026-05-11 10:40:51.903 INFO  [main] c.g.auction.service.AccountService - Ban user: admin=staffAdmin target=sellerBQ2 reason=SELLER_REFUND_DEFAULT
2026-05-11 10:40:51.903 INFO  [main] c.g.auction.service.AccountService - Ban user: admin=staffAdmin target=sellerBK6 reason=SELLER_REFUND_DEFAULT
2026-05-11 10:40:51.903 INFO  [main] c.g.auction.service.AccountService - Ban user: admin=staffAdmin target=bidderBT5 reason=LOW_RATING
2026-05-11 10:40:51.903 INFO  [main] c.g.auction.service.AccountService - Ban user: admin=staffAdmin target=bidderBL7 reason=LOW_RATING
2026-05-11 10:40:51.903 INFO  [main] c.g.auction.service.AccountService - Ban user: admin=staffAdmin target=bidderBJ5 reason=LOW_RATING
2026-05-11 10:40:51.903 INFO  [main] c.g.auction.service.AccountService - Ban user: admin=staffAdmin target=bidderBS4 reason=LOW_RATING
2026-05-11 10:40:51.919 INFO  [main] c.g.auction.service.AccountService - Auto-approve role Seller: user=bidderXX4
2026-05-11 10:40:51.923 INFO  [main] c.g.auction.service.AccountService - Auto-approve role Seller: user=bidderYY5
2026-05-11 10:40:51.931 INFO  [main] c.g.auction.service.AccountService - Auto-approve role Seller: user=bidderWW3
2026-05-11 10:40:51.935 INFO  [main] c.g.auction.service.AccountService - Auto-approve role Seller: user=bidderBG2
2026-05-11 10:40:51.935 INFO  [main] c.g.auction.service.AccountService - sellerAA1 đã có role Seller.
2026-05-11 10:40:52.407 INFO  [main] c.g.auction.service.AuctionService - Phiên bắt đầu: auctionId=5ace6235-4f71-4983-a615-534299af4a20
2026-05-11 10:40:52.407 INFO  [main] c.g.auction.service.AuctionService - Tạo auction: auctionId=efb19fa7-30e7-4f78-b6c4-bfbc88b69ff8 reserve=1500000
2026-05-11 10:40:52.422 INFO  [main] c.g.auction.service.AuctionService - SYSTEM AUTO-CANCEL: auctionId=cbe67766-5e1c-43e0-afc0-016908f542de reason=NO_WINNER
2026-05-11 10:40:52.422 INFO  [main] c.g.auction.service.AuctionService - Phiên đóng - không có ai đặt giá: auctionId=cbe67766-5e1c-43e0-afc0-016908f542de
2026-05-11 10:40:52.422 INFO  [main] c.g.auction.service.AuctionService - SYSTEM AUTO-CANCEL: auctionId=1c59eedb-297f-43bd-a6c6-1ea514bfdc78 reason=NO_WINNER
2026-05-11 10:40:52.422 INFO  [main] c.g.auction.service.AuctionService - SYSTEM AUTO-CANCEL: auctionId=1c59eedb-297f-43bd-a6c6-1ea514bfdc78 reason=NO_WINNER
2026-05-11 10:40:52.422 INFO  [main] c.g.auction.service.AuctionService - Tạo auction: auctionId=1fb2d445-8c77-41a9-a5f1-6ff13b84d17c reserve=2000000
2026-05-11 10:40:52.422 INFO  [main] c.g.auction.service.AuctionService - Phiên bắt đầu: auctionId=1fb2d445-8c77-41a9-a5f1-6ff13b84d17c
2026-05-11 10:40:52.422 INFO  [main] c.g.auction.service.AuctionService - SYSTEM AUTO-CANCEL: auctionId=1fb2d445-8c77-41a9-a5f1-6ff13b84d17c reason=NO_WINNER
2026-05-11 10:40:52.422 INFO  [main] c.g.auction.service.AuctionService - Phiên đóng - không có ai đặt giá: auctionId=1fb2d445-8c77-41a9-a5f1-6ff13b84d17c
2026-05-11 10:40:52.422 INFO  [main] c.g.auction.service.AuctionService - Tạo auction: auctionId=80ec993a-7310-4a41-bb3d-2c04a465af81 reserve=2000000
2026-05-11 10:40:52.422 INFO  [main] c.g.auction.service.AuctionService - Phiên bắt đầu: auctionId=80ec993a-7310-4a41-bb3d-2c04a465af81
2026-05-11 10:40:52.752 INFO  [main] c.g.auction.service.AuctionService - Cọc của winner giữ tại SystemBank (FUNDS_HELD): auctionId=80ec993a-7310-4a41-bb3d-2c04a465af81 winner=bidder01 deposit=300000
2026-05-11 10:40:52.756 INFO  [main] c.g.auction.service.AuctionService - Winner: auctionId=80ec993a-7310-4a41-bb3d-2c04a465af81 winner=bidder01 price=2500000
2026-05-11 10:40:52.762 INFO  [main] c.g.auction.service.AuctionService - Cọc của winner giữ tại SystemBank (FUNDS_HELD): auctionId=9db943d7-d649-4b4c-bab7-c5406dfde291 winner=bidder01 deposit=300000
2026-05-11 10:40:52.762 INFO  [main] c.g.auction.service.AuctionService - Winner: auctionId=9db943d7-d649-4b4c-bab7-c5406dfde291 winner=bidder01 price=2500000
2026-05-11 10:40:52.768 INFO  [main] c.g.auction.service.AuctionService - Cọc của winner giữ tại SystemBank (FUNDS_HELD): auctionId=7ad4a137-c1bf-4fdc-8b3f-e50b77e50daa winner=bidder01 deposit=300000
2026-05-11 10:40:52.768 INFO  [main] c.g.auction.service.AuctionService - Winner: auctionId=7ad4a137-c1bf-4fdc-8b3f-e50b77e50daa winner=bidder01 price=2500000
2026-05-11 10:40:52.768 INFO  [main] c.g.auction.service.AuctionService - SYSTEM AUTO-CANCEL: auctionId=be4c6c2b-f710-4272-89b1-322fba3e046a reason=RESERVE_NOT_MET
2026-05-11 10:40:52.768 INFO  [main] c.g.auction.service.AuctionService - Phiên đóng - reserve chưa đạt: auctionId=be4c6c2b-f710-4272-89b1-322fba3e046a highestPrice=1200000 reserve=2000000
2026-05-11 10:40:52.768 INFO  [main] c.g.auction.service.AuctionService - Cọc của winner giữ tại SystemBank (FUNDS_HELD): auctionId=70a54612-bb92-4d1a-9ba7-07fe50bf24ef winner=bidder01 deposit=300000
2026-05-11 10:40:52.768 INFO  [main] c.g.auction.service.AuctionService - Winner: auctionId=70a54612-bb92-4d1a-9ba7-07fe50bf24ef winner=bidder01 price=2500000
2026-05-11 10:40:52.768 INFO  [main] c.g.auction.service.AuctionService - Phiên bắt đầu: auctionId=3c1021db-5304-4e82-964a-1a49de378116
2026-05-11 10:40:52.802 INFO  [main] c.g.auction.service.AuctionService - Phiên bắt đầu: auctionId=aef777a7-dc4c-44db-b425-8116462ae0ba
2026-05-11 10:40:52.815 INFO  [main] c.g.auction.service.AuctionService - SYSTEM AUTO-CANCEL: auctionId=5b60053f-c1db-490e-a625-5ad8fbf4bed0 reason=SELLER_REQUEST
2026-05-11 10:40:52.815 INFO  [main] c.g.auction.service.AuctionService - SYSTEM AUTO-CANCEL: auctionId=fc57121d-0345-4b2f-83c4-f91ede0d2f62 reason=SELLER_REQUEST
2026-05-11 10:40:52.815 INFO  [main] c.g.auction.service.AuctionService - STAFF CANCEL: staff=staff01 auctionId=a8f53ab0-fd16-4bec-9e26-81ff73486caf reason=FRAUDULENT_ITEM
2026-05-11 10:40:52.815 INFO  [main] c.g.auction.service.AuctionService - AUDIT: staff=staff01 auctionId=a8f53ab0-fd16-4bec-9e26-81ff73486caf reason=FRAUDULENT_ITEM
2026-05-11 10:40:52.815 INFO  [main] c.g.auction.service.AuctionService - STAFF CANCEL: staff=staff01 auctionId=00049072-8081-4018-85db-ca30793585d4 reason=FRAUDULENT_ITEM
2026-05-11 10:40:52.815 INFO  [main] c.g.auction.service.AuctionService - AUDIT: staff=staff01 auctionId=00049072-8081-4018-85db-ca30793585d4 reason=FRAUDULENT_ITEM
2026-05-11 10:40:52.815 INFO  [main] c.g.auction.service.AuctionService - STAFF CANCEL: staff=staff01 auctionId=40d41322-3da2-436b-bfdb-1b77cfa17076 reason=FRAUDULENT_ITEM
2026-05-11 10:40:52.815 INFO  [main] c.g.auction.service.AuctionService - AUDIT: staff=staff01 auctionId=40d41322-3da2-436b-bfdb-1b77cfa17076 reason=FRAUDULENT_ITEM
2026-05-11 10:40:52.828 INFO  [main] c.g.auction.service.AuctionService - SYSTEM AUTO-CANCEL: auctionId=5303b6b5-7373-4776-b886-0e669873e6eb reason=SYSTEM_ERROR
2026-05-11 10:40:52.839 INFO  [main] c.g.auction.service.AuctionService - SYSTEM AUTO-CANCEL: auctionId=2823c729-efd5-4f1b-825b-1ec4fa46162e reason=NO_WINNER
2026-05-11 10:40:52.841 INFO  [main] c.g.auction.service.AuctionService - SYSTEM AUTO-CANCEL: auctionId=27010640-4b99-40fe-9007-649b51835b9a reason=NO_WINNER
2026-05-11 10:40:52.843 INFO  [main] c.g.auction.service.AuctionService - SYSTEM AUTO-CANCEL: auctionId=627ab3a3-d714-4d57-9171-cd5469b7ef69 reason=SELLER_REQUEST
2026-05-11 10:40:52.847 INFO  [main] c.g.auction.service.AuctionService - SYSTEM AUTO-CANCEL: auctionId=e08bdcfc-de6a-4312-878f-56ae84f47753 reason=SELLER_REQUEST
2026-05-11 10:40:52.847 INFO  [main] c.g.auction.service.AuctionService - Cọc của winner giữ tại SystemBank (FUNDS_HELD): auctionId=6340ccbf-614f-4493-8aeb-a52fd111a9c4 winner=bidder01 deposit=300000
2026-05-11 10:40:52.847 INFO  [main] c.g.auction.service.AuctionService - Winner: auctionId=6340ccbf-614f-4493-8aeb-a52fd111a9c4 winner=bidder01 price=2500000
2026-05-11 10:40:52.857 INFO  [main] c.g.auction.service.AuctionService - Cọc của winner giữ tại SystemBank (FUNDS_HELD): auctionId=a64a80f6-7c7d-4450-8c06-49a654aff09b winner=bidder01 deposit=300000
2026-05-11 10:40:52.857 INFO  [main] c.g.auction.service.AuctionService - Winner: auctionId=a64a80f6-7c7d-4450-8c06-49a654aff09b winner=bidder01 price=2500000
2026-05-11 10:40:52.867 INFO  [main] c.g.auction.service.AuctionService - SYSTEM AUTO-CANCEL: auctionId=cfdbb599-f639-4d49-84da-691690aebec6 reason=RESERVE_NOT_MET
2026-05-11 10:40:52.867 INFO  [main] c.g.auction.service.AuctionService - Phiên đóng - reserve chưa đạt: auctionId=cfdbb599-f639-4d49-84da-691690aebec6 highestPrice=1200000 reserve=2000000
2026-05-11 10:40:52.874 INFO  [main] c.g.auction.service.AuctionService - Cọc của winner giữ tại SystemBank (FUNDS_HELD): auctionId=23d8a80f-33c5-4f02-8f40-3fbdb5e62c26 winner=bidder01 deposit=300000
2026-05-11 10:40:52.874 INFO  [main] c.g.auction.service.AuctionService - Winner: auctionId=23d8a80f-33c5-4f02-8f40-3fbdb5e62c26 winner=bidder01 price=2500000
2026-05-11 10:40:52.878 INFO  [main] c.g.auction.service.AuctionService - SYSTEM AUTO-CANCEL: auctionId=1ce12af3-036a-48fc-b8de-78c60b020d43 reason=RESERVE_NOT_MET
2026-05-11 10:40:52.878 INFO  [main] c.g.auction.service.AuctionService - Phiên đóng - reserve chưa đạt: auctionId=1ce12af3-036a-48fc-b8de-78c60b020d43 highestPrice=1200000 reserve=2000000
2026-05-11 10:40:52.889 INFO  [main] c.g.auction.service.AuctionService - Cọc của winner giữ tại SystemBank (FUNDS_HELD): auctionId=4b7269b3-b96b-4e17-a20b-6ff14fb9986b winner=bidder01 deposit=300000
2026-05-11 10:40:52.889 INFO  [main] c.g.auction.service.AuctionService - Winner: auctionId=4b7269b3-b96b-4e17-a20b-6ff14fb9986b winner=bidder01 price=2500000
2026-05-11 10:40:52.891 INFO  [main] c.g.auction.service.AuctionService - Cọc của winner giữ tại SystemBank (FUNDS_HELD): auctionId=b6158e51-5aa5-414a-879f-f12adea97ca8 winner=bidder01 deposit=300000
2026-05-11 10:40:52.891 INFO  [main] c.g.auction.service.AuctionService - Winner: auctionId=b6158e51-5aa5-414a-879f-f12adea97ca8 winner=bidder01 price=2500000
2026-05-11 10:40:52.894 INFO  [main] c.g.auction.service.AuctionService - SYSTEM AUTO-CANCEL: auctionId=2253d788-c8c5-4c54-ba24-6371c381a117 reason=NO_WINNER
2026-05-11 10:40:52.894 INFO  [main] c.g.auction.service.AuctionService - Phiên đóng - không có ai đặt giá: auctionId=2253d788-c8c5-4c54-ba24-6371c381a117
2026-05-11 10:40:52.894 INFO  [main] c.g.auction.service.AuctionService - SYSTEM AUTO-CANCEL: auctionId=d0060b9a-3ee5-4752-9f10-b3e1db7a430e reason=NO_WINNER
2026-05-11 10:40:52.894 INFO  [main] c.g.auction.service.AuctionService - Phiên đóng - không có ai đặt giá: auctionId=d0060b9a-3ee5-4752-9f10-b3e1db7a430e
2026-05-11 10:40:52.894 INFO  [main] c.g.auction.service.AuctionService - SYSTEM AUTO-CANCEL: auctionId=5e1330f9-4a09-4d67-9136-911ae97fc9df reason=NO_WINNER
2026-05-11 10:40:52.894 INFO  [main] c.g.auction.service.AuctionService - Phiên đóng - không có ai đặt giá: auctionId=5e1330f9-4a09-4d67-9136-911ae97fc9df
2026-05-11 10:40:52.894 INFO  [main] c.g.auction.service.AuctionService - Phiên bắt đầu: auctionId=7ad2d12a-2a2c-4c5c-976d-1c8a647a61b4
2026-05-11 10:40:52.894 INFO  [main] c.g.auction.service.AuctionService - Phiên bắt đầu: auctionId=83a91825-115c-4e9e-a2b5-7a00feea08c3
2026-05-11 10:40:52.910 INFO  [main] c.g.auction.service.AuctionService - Phiên bắt đầu: auctionId=8cce9f61-6d75-42d6-919c-25069331d58c
2026-05-11 10:40:52.910 INFO  [main] c.g.auction.service.AuctionService - Tạo auction: auctionId=d310fdfb-13f8-41d8-bc40-0b0f0011af4a reserve=1500000
2026-05-11 10:40:52.910 INFO  [main] c.g.auction.service.AuctionService - Tạo auction: auctionId=a35cd03d-646a-450f-b4a2-c0c273a8e67e reserve=2000000
2026-05-11 10:40:52.910 INFO  [main] c.g.auction.service.AuctionService - Tạo auction: auctionId=281355b8-c8bc-4a68-88ee-ece4dd16fd2a reserve=1500000
2026-05-11 10:40:52.925 INFO  [main] c.g.auction.service.AuctionService - Tạo auction: auctionId=d615b176-a263-4243-acdd-8fd5284bd429 reserve=1500000
2026-05-11 10:40:53.734 INFO  [main] c.group13.auction.service.BidService - bidderUser1 đặt giá 1200000 — chưa đạt reserve price (2000000).
2026-05-11 10:40:53.734 INFO  [main] c.group13.auction.service.BidService - bidderFF1 đặt giá 1400000 — chưa đạt reserve price (2000000).
2026-05-11 10:40:53.734 INFO  [main] c.group13.auction.service.BidService - bidderUser1 đặt giá 1600000 — chưa đạt reserve price (2000000).
2026-05-11 10:40:53.747 INFO  [main] c.group13.auction.service.BidService - bidderUser1 đặt giá 1200000 — chưa đạt reserve price (2000000).
2026-05-11 10:40:53.747 INFO  [main] c.group13.auction.service.BidService - bidderUser1 đặt giá 1400000 — chưa đạt reserve price (2000000).
2026-05-11 10:40:53.753 INFO  [main] c.group13.auction.service.BidService - bidderUser1 đặt giá 1200000 — chưa đạt reserve price (2000000).
2026-05-11 10:40:53.753 INFO  [main] c.group13.auction.service.BidService - bidderEE1 đặt giá 1400000 — chưa đạt reserve price (2000000).
2026-05-11 10:40:53.755 INFO  [main] c.group13.auction.service.BidService - bidderUser1 theo dõi phiên 969c8ab7-0c09-45dc-a630-4d998ba0388d.
2026-05-11 10:40:53.755 INFO  [main] c.group13.auction.service.BidService - bidderUser1 theo dõi phiên bff1b5d5-bc53-4ca3-995c-e68023a185a1.
2026-05-11 10:40:53.755 INFO  [main] c.group13.auction.service.BidService - bidderUser1 theo dõi phiên 583292ee-4b07-49bb-94ba-7c055979fcaa.
2026-05-11 10:40:53.755 INFO  [main] c.group13.auction.service.BidService - bidderUser1 theo dõi phiên 26cac3ba-1c25-408b-a52e-59c33485d05b.
2026-05-11 10:40:53.763 INFO  [main] c.group13.auction.service.BidService - sellerUser1 tham gia phiên da68da00-cc3d-4145-92b1-ba7614a63672 | Cọc khóa: 300000
2026-05-11 10:40:53.767 INFO  [main] c.group13.auction.service.BidService - freshBidr1 tham gia phiên 8dbf6032-94a3-4d7c-964e-69bb0be26370 | Cọc khóa: 300000
2026-05-11 10:40:53.767 INFO  [main] c.group13.auction.service.BidService - freshBidr1 tham gia phiên 2e440564-7d06-46bf-a506-e59bcde0ac23 | Cọc khóa: 300000
2026-05-11 10:40:53.767 INFO  [main] c.group13.auction.service.BidService - freshBidr1 đã tham gia phiên feba3f82-d6e2-4282-a2c1-db4ae2911a1c trước đó.
2026-05-11 10:40:53.767 INFO  [main] c.group13.auction.service.BidService - freshBidr1 tham gia phiên 385b1dfa-81de-4071-94fd-bdc7bd250dda | Cọc khóa: 300000
2026-05-11 10:40:53.767 INFO  [main] c.group13.auction.service.BidService - freshBidr1 tham gia phiên 9234bb4f-da8f-414e-a8f4-33fc12a50f58 | Cọc khóa: 300000
2026-05-11 10:40:53.778 INFO  [main] c.group13.auction.service.BidService - freshBidr1 tham gia phiên 106df192-f78d-4a72-bd43-dd7b9efc83d2 | Cọc khóa: 300000
2026-05-11 10:40:53.778 INFO  [main] c.group13.auction.service.BidService - freshBidr1 tham gia phiên 2743bc9f-2b6b-4b56-a195-5d807d247840 | Cọc khóa: 300000
2026-05-11 10:40:53.778 INFO  [main] c.group13.auction.service.BidService - bidderUser1 đặt giá 2000000 thành công!
2026-05-11 10:40:53.778 INFO  [main] c.group13.auction.service.BidService - bidderUser1 đặt giá 1200000 — chưa đạt reserve price (2000000).
2026-05-11 10:40:53.786 INFO  [main] c.group13.auction.service.BidService - bidderUser1 đặt giá 1200000 — chưa đạt reserve price (2000000).
2026-05-11 10:40:53.786 INFO  [main] c.group13.auction.service.BidService - bidderUser1 đặt giá 1200000 — chưa đạt reserve price (2000000).
2026-05-11 10:40:53.786 INFO  [main] c.group13.auction.service.BidService - bidderUser1 đặt giá 1200000 — chưa đạt reserve price (2000000).
2026-05-11 10:40:53.789 INFO  [main] c.group13.auction.service.BidService - bidderUser1 đặt giá 1200000 — chưa đạt reserve price (2000000).
2026-05-11 10:40:53.789 INFO  [main] c.group13.auction.service.BidService - bidderUser1 đặt giá 1200000 — chưa đạt reserve price (2000000).
2026-05-11 10:40:53.826 INFO  [main] c.group13.auction.service.BidService - bidderUser1 đặt giá 1200000 — chưa đạt reserve price (2000000).
2026-05-11 10:40:53.826 INFO  [main] c.group13.auction.service.BidService - bidderUser1 đặt giá 1200000 — chưa đạt reserve price (2000000).
2026-05-11 10:40:53.826 INFO  [main] c.group13.auction.service.BidService - bidderUser1 đặt giá 1200000 — chưa đạt reserve price (2000000).
2026-05-11 10:40:53.826 INFO  [main] c.group13.auction.service.BidService - bidderUser1 đặt giá 2500000 thành công!
2026-05-11 10:40:53.826 INFO  [main] c.group13.auction.service.BidService - bidderUser1 đặt giá 2500000 thành công!
2026-05-11 10:40:53.826 INFO  [main] c.group13.auction.service.BidService - bidderUser1 đặt giá 2500000 thành công!
2026-05-11 10:40:53.826 INFO  [main] c.group13.auction.service.BidService - bidderUser1 đặt giá 2500000 thành công!
2026-05-11 10:40:53.841 INFO  [main] c.group13.auction.service.BidService - bidderUser1 đặt giá 2500000 thành công!
2026-05-11 10:40:53.841 INFO  [main] c.group13.auction.service.BidService - bidderUser1 đặt giá 2500000 thành công!
2026-05-11 11:36:53.598 INFO  [main] c.g.auction.service.AccountService - Ban user: admin=staffAdmin target=bidderBI4 reason=LOW_RATING
2026-05-11 11:36:53.614 INFO  [main] c.g.auction.service.AccountService - Ban user: admin=staffAdmin target=bidderBR3 reason=LOW_RATING
2026-05-11 11:36:53.614 INFO  [main] c.g.auction.service.AccountService - Ban user: admin=staffAdmin target=bidderBO0 reason=LOW_RATING
2026-05-11 11:36:53.614 INFO  [main] c.g.auction.service.AccountService - Ban user: admin=staffAdmin target=bidderBH3 reason=LOW_RATING
2026-05-11 11:36:53.621 INFO  [main] c.g.auction.service.AccountService - Ban user: admin=staffAdmin target=bidderBN9 reason=LOW_RATING
2026-05-11 11:36:53.621 INFO  [main] c.g.auction.service.AccountService - Ban user: admin=staffAdmin target=bidderBP1 reason=LOW_RATING
2026-05-11 11:36:53.621 INFO  [main] c.g.auction.service.AccountService - Ban user: admin=staffAdmin target=bidderBM8 reason=LOW_RATING
2026-05-11 11:36:53.621 INFO  [main] c.g.auction.service.AccountService - Ban user: admin=staffAdmin target=sellerBQ2 reason=SELLER_REFUND_DEFAULT
2026-05-11 11:36:53.621 INFO  [main] c.g.auction.service.AccountService - Ban user: admin=staffAdmin target=sellerBK6 reason=SELLER_REFUND_DEFAULT
2026-05-11 11:36:53.621 INFO  [main] c.g.auction.service.AccountService - Ban user: admin=staffAdmin target=bidderBT5 reason=LOW_RATING
2026-05-11 11:36:53.621 INFO  [main] c.g.auction.service.AccountService - Ban user: admin=staffAdmin target=bidderBL7 reason=LOW_RATING
2026-05-11 11:36:53.621 INFO  [main] c.g.auction.service.AccountService - Ban user: admin=staffAdmin target=bidderBJ5 reason=LOW_RATING
2026-05-11 11:36:53.630 INFO  [main] c.g.auction.service.AccountService - Ban user: admin=staffAdmin target=bidderBS4 reason=LOW_RATING
2026-05-11 11:36:53.638 INFO  [main] c.g.auction.service.AccountService - Auto-approve role Seller: user=bidderXX4
2026-05-11 11:36:53.643 INFO  [main] c.g.auction.service.AccountService - Auto-approve role Seller: user=bidderYY5
2026-05-11 11:36:53.646 INFO  [main] c.g.auction.service.AccountService - Auto-approve role Seller: user=bidderWW3
2026-05-11 11:36:53.655 INFO  [main] c.g.auction.service.AccountService - Auto-approve role Seller: user=bidderBG2
2026-05-11 11:36:53.655 INFO  [main] c.g.auction.service.AccountService - sellerAA1 đã có role Seller.
2026-05-11 11:36:54.057 INFO  [main] c.g.auction.service.AuctionService - Phiên bắt đầu: auctionId=e75af860-363e-4b55-b8e9-de1451c494ec
2026-05-11 11:36:54.057 INFO  [main] c.g.auction.service.AuctionService - Tạo auction: auctionId=bc6ab60a-4a52-4d4d-a1c6-040b4fbfdc1d reserve=1500000
2026-05-11 11:36:54.057 INFO  [main] c.g.auction.service.AuctionService - SYSTEM AUTO-CANCEL: auctionId=5ad25c2d-22fb-4a71-88d9-f6e31716843f reason=NO_WINNER
2026-05-11 11:36:54.057 INFO  [main] c.g.auction.service.AuctionService - Phiên đóng - không có ai đặt giá: auctionId=5ad25c2d-22fb-4a71-88d9-f6e31716843f
2026-05-11 11:36:54.057 INFO  [main] c.g.auction.service.AuctionService - SYSTEM AUTO-CANCEL: auctionId=c6256b18-7455-4882-9292-aec4a9025d18 reason=NO_WINNER
2026-05-11 11:36:54.057 INFO  [main] c.g.auction.service.AuctionService - SYSTEM AUTO-CANCEL: auctionId=c6256b18-7455-4882-9292-aec4a9025d18 reason=NO_WINNER
2026-05-11 11:36:54.057 INFO  [main] c.g.auction.service.AuctionService - Tạo auction: auctionId=9c28ed2c-4a7d-4655-83dc-c25e9ec2ae6f reserve=2000000
2026-05-11 11:36:54.057 INFO  [main] c.g.auction.service.AuctionService - Phiên bắt đầu: auctionId=9c28ed2c-4a7d-4655-83dc-c25e9ec2ae6f
2026-05-11 11:36:54.057 INFO  [main] c.g.auction.service.AuctionService - SYSTEM AUTO-CANCEL: auctionId=9c28ed2c-4a7d-4655-83dc-c25e9ec2ae6f reason=NO_WINNER
2026-05-11 11:36:54.057 INFO  [main] c.g.auction.service.AuctionService - Phiên đóng - không có ai đặt giá: auctionId=9c28ed2c-4a7d-4655-83dc-c25e9ec2ae6f
2026-05-11 11:36:54.072 INFO  [main] c.g.auction.service.AuctionService - Tạo auction: auctionId=602c736f-ebe3-41ab-81bc-8c92d534924b reserve=2000000
2026-05-11 11:36:54.073 INFO  [main] c.g.auction.service.AuctionService - Phiên bắt đầu: auctionId=602c736f-ebe3-41ab-81bc-8c92d534924b
2026-05-11 11:36:54.353 INFO  [main] c.g.auction.service.AuctionService - Cọc của winner giữ tại SystemBank (FUNDS_HELD): auctionId=602c736f-ebe3-41ab-81bc-8c92d534924b winner=bidder01 deposit=300000
2026-05-11 11:36:54.353 INFO  [main] c.g.auction.service.AuctionService - Winner: auctionId=602c736f-ebe3-41ab-81bc-8c92d534924b winner=bidder01 price=2500000
2026-05-11 11:36:54.356 INFO  [main] c.g.auction.service.AuctionService - Cọc của winner giữ tại SystemBank (FUNDS_HELD): auctionId=14964d07-3e00-45d5-9180-bdb3fcbe8fc6 winner=bidder01 deposit=300000
2026-05-11 11:36:54.356 INFO  [main] c.g.auction.service.AuctionService - Winner: auctionId=14964d07-3e00-45d5-9180-bdb3fcbe8fc6 winner=bidder01 price=2500000
2026-05-11 11:36:54.361 INFO  [main] c.g.auction.service.AuctionService - Cọc của winner giữ tại SystemBank (FUNDS_HELD): auctionId=d9655a20-b586-4a3b-88c3-529ca2da05f0 winner=bidder01 deposit=300000
2026-05-11 11:36:54.361 INFO  [main] c.g.auction.service.AuctionService - Winner: auctionId=d9655a20-b586-4a3b-88c3-529ca2da05f0 winner=bidder01 price=2500000
2026-05-11 11:36:54.361 INFO  [main] c.g.auction.service.AuctionService - SYSTEM AUTO-CANCEL: auctionId=c32ddba5-f49c-4852-bbab-f6e6c9e5fe2d reason=RESERVE_NOT_MET
2026-05-11 11:36:54.361 INFO  [main] c.g.auction.service.AuctionService - Phiên đóng - reserve chưa đạt: auctionId=c32ddba5-f49c-4852-bbab-f6e6c9e5fe2d highestPrice=1200000 reserve=2000000
2026-05-11 11:36:54.361 INFO  [main] c.g.auction.service.AuctionService - Cọc của winner giữ tại SystemBank (FUNDS_HELD): auctionId=bf3fc40f-fcfd-4784-bf5b-60477a2e0d83 winner=bidder01 deposit=300000
2026-05-11 11:36:54.361 INFO  [main] c.g.auction.service.AuctionService - Winner: auctionId=bf3fc40f-fcfd-4784-bf5b-60477a2e0d83 winner=bidder01 price=2500000
2026-05-11 11:36:54.361 INFO  [main] c.g.auction.service.AuctionService - Phiên bắt đầu: auctionId=c50ee31d-ba81-4b75-9f8a-7cf5a1ddd483
2026-05-11 11:36:54.377 INFO  [main] c.g.auction.service.AuctionService - Phiên bắt đầu: auctionId=c70b45b8-033f-48ec-aeb6-d9eeaee0454a
2026-05-11 11:36:54.388 INFO  [main] c.g.auction.service.AuctionService - SYSTEM AUTO-CANCEL: auctionId=8a0e6328-bd3f-4e2c-be8c-808386d9a5cf reason=SELLER_REQUEST
2026-05-11 11:36:54.389 INFO  [main] c.g.auction.service.AuctionService - SYSTEM AUTO-CANCEL: auctionId=b799d8cf-cc49-436c-992f-ec627100eab8 reason=SELLER_REQUEST
2026-05-11 11:36:54.397 INFO  [main] c.g.auction.service.AuctionService - STAFF CANCEL: staff=staff01 auctionId=b53c6da1-e8be-4a63-bd11-10f46df5399b reason=FRAUDULENT_ITEM
2026-05-11 11:36:54.397 INFO  [main] c.g.auction.service.AuctionService - AUDIT: staff=staff01 auctionId=b53c6da1-e8be-4a63-bd11-10f46df5399b reason=FRAUDULENT_ITEM
2026-05-11 11:36:54.397 INFO  [main] c.g.auction.service.AuctionService - STAFF CANCEL: staff=staff01 auctionId=8aac8398-7028-4812-90ea-6189d1a71b50 reason=FRAUDULENT_ITEM
2026-05-11 11:36:54.397 INFO  [main] c.g.auction.service.AuctionService - AUDIT: staff=staff01 auctionId=8aac8398-7028-4812-90ea-6189d1a71b50 reason=FRAUDULENT_ITEM
2026-05-11 11:36:54.397 INFO  [main] c.g.auction.service.AuctionService - STAFF CANCEL: staff=staff01 auctionId=68a2ec4a-b1a7-4fce-8125-98a82ca80cef reason=FRAUDULENT_ITEM
2026-05-11 11:36:54.397 INFO  [main] c.g.auction.service.AuctionService - AUDIT: staff=staff01 auctionId=68a2ec4a-b1a7-4fce-8125-98a82ca80cef reason=FRAUDULENT_ITEM
2026-05-11 11:36:54.405 INFO  [main] c.g.auction.service.AuctionService - SYSTEM AUTO-CANCEL: auctionId=31fcb1ad-664c-4026-aa02-7c0a6e369b22 reason=SYSTEM_ERROR
2026-05-11 11:36:54.414 INFO  [main] c.g.auction.service.AuctionService - SYSTEM AUTO-CANCEL: auctionId=1894b427-8d83-49d5-80d3-38e097afde3d reason=NO_WINNER
2026-05-11 11:36:54.414 INFO  [main] c.g.auction.service.AuctionService - SYSTEM AUTO-CANCEL: auctionId=b7aaa2cf-42f5-4a53-b756-cf0618580708 reason=NO_WINNER
2026-05-11 11:36:54.414 INFO  [main] c.g.auction.service.AuctionService - SYSTEM AUTO-CANCEL: auctionId=98844a49-6e0d-486b-9b0e-9665d0037576 reason=SELLER_REQUEST
2026-05-11 11:36:54.416 INFO  [main] c.g.auction.service.AuctionService - SYSTEM AUTO-CANCEL: auctionId=b3193d8f-4e5a-41bb-a5aa-e3d060840d32 reason=SELLER_REQUEST
2026-05-11 11:36:54.420 INFO  [main] c.g.auction.service.AuctionService - Cọc của winner giữ tại SystemBank (FUNDS_HELD): auctionId=b0338842-1c88-488a-8bdd-6468f63a6066 winner=bidder01 deposit=300000
2026-05-11 11:36:54.420 INFO  [main] c.g.auction.service.AuctionService - Winner: auctionId=b0338842-1c88-488a-8bdd-6468f63a6066 winner=bidder01 price=2500000
2026-05-11 11:36:54.420 INFO  [main] c.g.auction.service.AuctionService - Cọc của winner giữ tại SystemBank (FUNDS_HELD): auctionId=c9b93c2d-70b0-46bb-ad16-381e05e71f69 winner=bidder01 deposit=300000
2026-05-11 11:36:54.420 INFO  [main] c.g.auction.service.AuctionService - Winner: auctionId=c9b93c2d-70b0-46bb-ad16-381e05e71f69 winner=bidder01 price=2500000
2026-05-11 11:36:54.426 INFO  [main] c.g.auction.service.AuctionService - SYSTEM AUTO-CANCEL: auctionId=33f6761b-8aad-4f63-8a22-c486b9db687e reason=RESERVE_NOT_MET
2026-05-11 11:36:54.426 INFO  [main] c.g.auction.service.AuctionService - Phiên đóng - reserve chưa đạt: auctionId=33f6761b-8aad-4f63-8a22-c486b9db687e highestPrice=1200000 reserve=2000000
2026-05-11 11:36:54.435 INFO  [main] c.g.auction.service.AuctionService - Cọc của winner giữ tại SystemBank (FUNDS_HELD): auctionId=91cb1c07-a22f-4301-b7ac-ca7e0ceb4f15 winner=bidder01 deposit=300000
2026-05-11 11:36:54.436 INFO  [main] c.g.auction.service.AuctionService - Winner: auctionId=91cb1c07-a22f-4301-b7ac-ca7e0ceb4f15 winner=bidder01 price=2500000
2026-05-11 11:36:54.437 INFO  [main] c.g.auction.service.AuctionService - SYSTEM AUTO-CANCEL: auctionId=7db6883a-6a4f-434e-bc8b-99265d44c069 reason=RESERVE_NOT_MET
2026-05-11 11:36:54.437 INFO  [main] c.g.auction.service.AuctionService - Phiên đóng - reserve chưa đạt: auctionId=7db6883a-6a4f-434e-bc8b-99265d44c069 highestPrice=1200000 reserve=2000000
2026-05-11 11:36:54.441 INFO  [main] c.g.auction.service.AuctionService - Cọc của winner giữ tại SystemBank (FUNDS_HELD): auctionId=f10b9fd3-9ada-4203-b223-85c8827d783d winner=bidder01 deposit=300000
2026-05-11 11:36:54.441 INFO  [main] c.g.auction.service.AuctionService - Winner: auctionId=f10b9fd3-9ada-4203-b223-85c8827d783d winner=bidder01 price=2500000
2026-05-11 11:36:54.443 INFO  [main] c.g.auction.service.AuctionService - Cọc của winner giữ tại SystemBank (FUNDS_HELD): auctionId=caf58026-a9e1-4e70-9373-e2477c054dd5 winner=bidder01 deposit=300000
2026-05-11 11:36:54.443 INFO  [main] c.g.auction.service.AuctionService - Winner: auctionId=caf58026-a9e1-4e70-9373-e2477c054dd5 winner=bidder01 price=2500000
2026-05-11 11:36:54.443 INFO  [main] c.g.auction.service.AuctionService - SYSTEM AUTO-CANCEL: auctionId=e700bb98-033c-4477-80e4-085b93b6095f reason=NO_WINNER
2026-05-11 11:36:54.443 INFO  [main] c.g.auction.service.AuctionService - Phiên đóng - không có ai đặt giá: auctionId=e700bb98-033c-4477-80e4-085b93b6095f
2026-05-11 11:36:54.446 INFO  [main] c.g.auction.service.AuctionService - SYSTEM AUTO-CANCEL: auctionId=2b34f49c-e6d1-4a03-a1bb-601c93304976 reason=NO_WINNER
2026-05-11 11:36:54.446 INFO  [main] c.g.auction.service.AuctionService - Phiên đóng - không có ai đặt giá: auctionId=2b34f49c-e6d1-4a03-a1bb-601c93304976
2026-05-11 11:36:54.446 INFO  [main] c.g.auction.service.AuctionService - SYSTEM AUTO-CANCEL: auctionId=b0157470-7659-4342-bd15-0e2376116c4e reason=NO_WINNER
2026-05-11 11:36:54.446 INFO  [main] c.g.auction.service.AuctionService - Phiên đóng - không có ai đặt giá: auctionId=b0157470-7659-4342-bd15-0e2376116c4e
2026-05-11 11:36:54.446 INFO  [main] c.g.auction.service.AuctionService - Phiên bắt đầu: auctionId=f54252cb-92f5-44c6-b56c-f4f2929d6ec6
2026-05-11 11:36:54.460 INFO  [main] c.g.auction.service.AuctionService - Phiên bắt đầu: auctionId=8708891a-861d-4fbb-ac49-bda1d060626e
2026-05-11 11:36:54.463 INFO  [main] c.g.auction.service.AuctionService - Phiên bắt đầu: auctionId=ae4f250d-c20a-4cc6-a576-158b0c75dfc2
2026-05-11 11:36:54.468 INFO  [main] c.g.auction.service.AuctionService - Tạo auction: auctionId=d42111e6-1045-49ba-8e50-aa3bbb94c4c9 reserve=1500000
2026-05-11 11:36:54.474 INFO  [main] c.g.auction.service.AuctionService - Tạo auction: auctionId=7a395879-f34b-48be-88ca-656ec4de5bfa reserve=2000000
2026-05-11 11:36:54.474 INFO  [main] c.g.auction.service.AuctionService - Tạo auction: auctionId=11f5a39c-7448-4e90-a4f9-0ce7ac750402 reserve=1500000
2026-05-11 11:36:54.474 INFO  [main] c.g.auction.service.AuctionService - Tạo auction: auctionId=d68f4e59-20e6-4968-a4a3-964612523974 reserve=1500000
2026-05-11 11:36:55.064 INFO  [main] c.group13.auction.service.BidService - bidderUser1 đặt giá 1200000 — chưa đạt reserve price (2000000).
2026-05-11 11:36:55.064 INFO  [main] c.group13.auction.service.BidService - bidderFF1 đặt giá 1400000 — chưa đạt reserve price (2000000).
2026-05-11 11:36:55.064 INFO  [main] c.group13.auction.service.BidService - bidderUser1 đặt giá 1600000 — chưa đạt reserve price (2000000).
2026-05-11 11:36:55.064 INFO  [main] c.group13.auction.service.BidService - bidderUser1 đặt giá 1200000 — chưa đạt reserve price (2000000).
2026-05-11 11:36:55.064 INFO  [main] c.group13.auction.service.BidService - bidderUser1 đặt giá 1400000 — chưa đạt reserve price (2000000).
2026-05-11 11:36:55.064 INFO  [main] c.group13.auction.service.BidService - bidderUser1 đặt giá 1200000 — chưa đạt reserve price (2000000).
2026-05-11 11:36:55.064 INFO  [main] c.group13.auction.service.BidService - bidderEE1 đặt giá 1400000 — chưa đạt reserve price (2000000).
2026-05-11 11:36:55.064 INFO  [main] c.group13.auction.service.BidService - bidderUser1 theo dõi phiên 165caded-b7dc-4247-9150-88ff6b4d020e.
2026-05-11 11:36:55.080 INFO  [main] c.group13.auction.service.BidService - bidderUser1 theo dõi phiên 1b08e08f-9e44-4cf6-8312-5e731db29ee9.
2026-05-11 11:36:55.080 INFO  [main] c.group13.auction.service.BidService - bidderUser1 theo dõi phiên 2850f38b-9314-4860-aae8-0580441e8bf2.
2026-05-11 11:36:55.080 INFO  [main] c.group13.auction.service.BidService - bidderUser1 theo dõi phiên 2f41fcf7-ed07-46b0-9d2f-6ae6b782d83d.
2026-05-11 11:36:55.093 INFO  [main] c.group13.auction.service.BidService - sellerUser1 tham gia phiên 9a4c7115-f474-44d5-a94d-4ceca83a6822 | Cọc khóa: 300000
2026-05-11 11:36:55.097 INFO  [main] c.group13.auction.service.BidService - freshBidr1 tham gia phiên 48814f7c-672a-4722-8d46-27d255a63b96 | Cọc khóa: 300000
2026-05-11 11:36:55.097 INFO  [main] c.group13.auction.service.BidService - freshBidr1 tham gia phiên 24d5e979-21d4-433e-8271-af53658e20d7 | Cọc khóa: 300000
2026-05-11 11:36:55.097 INFO  [main] c.group13.auction.service.BidService - freshBidr1 đã tham gia phiên 99dfa073-9868-4514-b502-abc4788e5a44 trước đó.
2026-05-11 11:36:55.097 INFO  [main] c.group13.auction.service.BidService - freshBidr1 tham gia phiên 48d60891-beab-431d-9ce2-da375c3a8913 | Cọc khóa: 300000
2026-05-11 11:36:55.097 INFO  [main] c.group13.auction.service.BidService - freshBidr1 tham gia phiên 0cb3545d-4ab7-47c7-8dc6-c4c2c9d355f3 | Cọc khóa: 300000
2026-05-11 11:36:55.113 INFO  [main] c.group13.auction.service.BidService - freshBidr1 tham gia phiên ba207f69-b36f-41fc-a1cb-81a5040cbcb8 | Cọc khóa: 300000
2026-05-11 11:36:55.113 INFO  [main] c.group13.auction.service.BidService - freshBidr1 tham gia phiên 8a3575ea-9660-4894-a120-641adb882b6b | Cọc khóa: 300000
2026-05-11 11:36:55.113 INFO  [main] c.group13.auction.service.BidService - bidderUser1 đặt giá 2000000 thành công!
2026-05-11 11:36:55.131 INFO  [main] c.group13.auction.service.BidService - bidderUser1 đặt giá 1200000 — chưa đạt reserve price (2000000).
2026-05-11 11:36:55.131 INFO  [main] c.group13.auction.service.BidService - bidderUser1 đặt giá 1200000 — chưa đạt reserve price (2000000).
2026-05-11 11:36:55.131 INFO  [main] c.group13.auction.service.BidService - bidderUser1 đặt giá 1200000 — chưa đạt reserve price (2000000).
2026-05-11 11:36:55.131 INFO  [main] c.group13.auction.service.BidService - bidderUser1 đặt giá 1200000 — chưa đạt reserve price (2000000).
2026-05-11 11:36:55.131 INFO  [main] c.group13.auction.service.BidService - bidderUser1 đặt giá 1200000 — chưa đạt reserve price (2000000).
2026-05-11 11:36:55.131 INFO  [main] c.group13.auction.service.BidService - bidderUser1 đặt giá 1200000 — chưa đạt reserve price (2000000).
2026-05-11 11:36:55.175 INFO  [main] c.group13.auction.service.BidService - bidderUser1 đặt giá 1200000 — chưa đạt reserve price (2000000).
2026-05-11 11:36:55.175 INFO  [main] c.group13.auction.service.BidService - bidderUser1 đặt giá 1200000 — chưa đạt reserve price (2000000).
2026-05-11 11:36:55.175 INFO  [main] c.group13.auction.service.BidService - bidderUser1 đặt giá 1200000 — chưa đạt reserve price (2000000).
2026-05-11 11:36:55.197 INFO  [main] c.group13.auction.service.BidService - bidderUser1 đặt giá 2500000 thành công!
2026-05-11 11:36:55.197 INFO  [main] c.group13.auction.service.BidService - bidderUser1 đặt giá 2500000 thành công!
2026-05-11 11:36:55.197 INFO  [main] c.group13.auction.service.BidService - bidderUser1 đặt giá 2500000 thành công!
2026-05-11 11:36:55.197 INFO  [main] c.group13.auction.service.BidService - bidderUser1 đặt giá 2500000 thành công!
2026-05-11 11:36:55.197 INFO  [main] c.group13.auction.service.BidService - bidderUser1 đặt giá 2500000 thành công!
2026-05-11 11:36:55.197 INFO  [main] c.group13.auction.service.BidService - bidderUser1 đặt giá 2500000 thành công!
2026-05-11 11:39:07.134 INFO  [main] c.g.auction.service.AccountService - Ban user: admin=staffAdmin target=bidderBI4 reason=LOW_RATING
2026-05-11 11:39:07.158 INFO  [main] c.g.auction.service.AccountService - Ban user: admin=staffAdmin target=bidderBR3 reason=LOW_RATING
2026-05-11 11:39:07.161 INFO  [main] c.g.auction.service.AccountService - Ban user: admin=staffAdmin target=bidderBO0 reason=LOW_RATING
2026-05-11 11:39:07.163 INFO  [main] c.g.auction.service.AccountService - Ban user: admin=staffAdmin target=bidderBH3 reason=LOW_RATING
2026-05-11 11:39:07.177 INFO  [main] c.g.auction.service.AccountService - Ban user: admin=staffAdmin target=bidderBN9 reason=LOW_RATING
2026-05-11 11:39:07.177 INFO  [main] c.g.auction.service.AccountService - Ban user: admin=staffAdmin target=bidderBP1 reason=LOW_RATING
2026-05-11 11:39:07.177 INFO  [main] c.g.auction.service.AccountService - Ban user: admin=staffAdmin target=bidderBM8 reason=LOW_RATING
2026-05-11 11:39:07.177 INFO  [main] c.g.auction.service.AccountService - Ban user: admin=staffAdmin target=sellerBQ2 reason=SELLER_REFUND_DEFAULT
2026-05-11 11:39:07.196 INFO  [main] c.g.auction.service.AccountService - Ban user: admin=staffAdmin target=sellerBK6 reason=SELLER_REFUND_DEFAULT
2026-05-11 11:39:07.200 INFO  [main] c.g.auction.service.AccountService - Ban user: admin=staffAdmin target=bidderBT5 reason=LOW_RATING
2026-05-11 11:39:07.200 INFO  [main] c.g.auction.service.AccountService - Ban user: admin=staffAdmin target=bidderBL7 reason=LOW_RATING
2026-05-11 11:39:07.212 INFO  [main] c.g.auction.service.AccountService - Ban user: admin=staffAdmin target=bidderBJ5 reason=LOW_RATING
2026-05-11 11:39:07.212 INFO  [main] c.g.auction.service.AccountService - Ban user: admin=staffAdmin target=bidderBS4 reason=LOW_RATING
2026-05-11 11:39:07.225 INFO  [main] c.g.auction.service.AccountService - Auto-approve role Seller: user=bidderXX4
2026-05-11 11:39:07.225 INFO  [main] c.g.auction.service.AccountService - Auto-approve role Seller: user=bidderYY5
2026-05-11 11:39:07.241 INFO  [main] c.g.auction.service.AccountService - Auto-approve role Seller: user=bidderWW3
2026-05-11 11:39:07.265 INFO  [main] c.g.auction.service.AccountService - Auto-approve role Seller: user=bidderBG2
2026-05-11 11:39:07.265 INFO  [main] c.g.auction.service.AccountService - sellerAA1 đã có role Seller.
2026-05-11 11:39:07.898 INFO  [main] c.g.auction.service.AuctionService - Phiên bắt đầu: auctionId=e7eb0826-1cbe-4556-87bd-7fd366d9da17
2026-05-11 11:39:07.903 INFO  [main] c.g.auction.service.AuctionService - Tạo auction: auctionId=67f601f3-4f82-4322-8b20-a9786afedc5b reserve=1500000
2026-05-11 11:39:07.911 INFO  [main] c.g.auction.service.AuctionService - SYSTEM AUTO-CANCEL: auctionId=ebf87163-0f5a-41a9-8f7e-a34b43318076 reason=NO_WINNER
2026-05-11 11:39:07.913 INFO  [main] c.g.auction.service.AuctionService - Phiên đóng - không có ai đặt giá: auctionId=ebf87163-0f5a-41a9-8f7e-a34b43318076
2026-05-11 11:39:07.916 INFO  [main] c.g.auction.service.AuctionService - SYSTEM AUTO-CANCEL: auctionId=ba85f443-0cee-41a8-a8c8-0ba88e35e9cb reason=NO_WINNER
2026-05-11 11:39:07.916 INFO  [main] c.g.auction.service.AuctionService - SYSTEM AUTO-CANCEL: auctionId=ba85f443-0cee-41a8-a8c8-0ba88e35e9cb reason=NO_WINNER
2026-05-11 11:39:07.920 INFO  [main] c.g.auction.service.AuctionService - Tạo auction: auctionId=f76fe96c-74a5-4d96-9633-f385a77e1ee0 reserve=2000000
2026-05-11 11:39:07.920 INFO  [main] c.g.auction.service.AuctionService - Phiên bắt đầu: auctionId=f76fe96c-74a5-4d96-9633-f385a77e1ee0
2026-05-11 11:39:07.920 INFO  [main] c.g.auction.service.AuctionService - SYSTEM AUTO-CANCEL: auctionId=f76fe96c-74a5-4d96-9633-f385a77e1ee0 reason=NO_WINNER
2026-05-11 11:39:07.920 INFO  [main] c.g.auction.service.AuctionService - Phiên đóng - không có ai đặt giá: auctionId=f76fe96c-74a5-4d96-9633-f385a77e1ee0
2026-05-11 11:39:07.926 INFO  [main] c.g.auction.service.AuctionService - Tạo auction: auctionId=f707c60d-4a57-40b0-90a2-6aed7a56a748 reserve=2000000
2026-05-11 11:39:07.926 INFO  [main] c.g.auction.service.AuctionService - Phiên bắt đầu: auctionId=f707c60d-4a57-40b0-90a2-6aed7a56a748
2026-05-11 11:39:08.280 INFO  [main] c.g.auction.service.AuctionService - Cọc của winner giữ tại SystemBank (FUNDS_HELD): auctionId=f707c60d-4a57-40b0-90a2-6aed7a56a748 winner=bidder01 deposit=300000
2026-05-11 11:39:08.280 INFO  [main] c.g.auction.service.AuctionService - Winner: auctionId=f707c60d-4a57-40b0-90a2-6aed7a56a748 winner=bidder01 price=2500000
2026-05-11 11:39:08.290 INFO  [main] c.g.auction.service.AuctionService - Cọc của winner giữ tại SystemBank (FUNDS_HELD): auctionId=71beeb43-d9de-4a21-aa6a-235021f628b5 winner=bidder01 deposit=300000
2026-05-11 11:39:08.290 INFO  [main] c.g.auction.service.AuctionService - Winner: auctionId=71beeb43-d9de-4a21-aa6a-235021f628b5 winner=bidder01 price=2500000
2026-05-11 11:39:08.294 INFO  [main] c.g.auction.service.AuctionService - Cọc của winner giữ tại SystemBank (FUNDS_HELD): auctionId=a8040216-135d-4862-ac15-d9af0a88f212 winner=bidder01 deposit=300000
2026-05-11 11:39:08.294 INFO  [main] c.g.auction.service.AuctionService - Winner: auctionId=a8040216-135d-4862-ac15-d9af0a88f212 winner=bidder01 price=2500000
2026-05-11 11:39:08.296 INFO  [main] c.g.auction.service.AuctionService - SYSTEM AUTO-CANCEL: auctionId=103ebe74-d742-4f76-a1dc-2c675276b170 reason=RESERVE_NOT_MET
2026-05-11 11:39:08.296 INFO  [main] c.g.auction.service.AuctionService - Phiên đóng - reserve chưa đạt: auctionId=103ebe74-d742-4f76-a1dc-2c675276b170 highestPrice=1200000 reserve=2000000
2026-05-11 11:39:08.296 INFO  [main] c.g.auction.service.AuctionService - Cọc của winner giữ tại SystemBank (FUNDS_HELD): auctionId=24ea0c89-d822-4d30-ad53-45758259ed8f winner=bidder01 deposit=300000
2026-05-11 11:39:08.296 INFO  [main] c.g.auction.service.AuctionService - Winner: auctionId=24ea0c89-d822-4d30-ad53-45758259ed8f winner=bidder01 price=2500000
2026-05-11 11:39:08.296 INFO  [main] c.g.auction.service.AuctionService - Phiên bắt đầu: auctionId=4b11f6b5-9afe-4962-b0ee-ba5452e706c7
2026-05-11 11:39:08.312 INFO  [main] c.g.auction.service.AuctionService - Phiên bắt đầu: auctionId=5895ace0-1010-4dbd-9582-61eafae012be
2026-05-11 11:39:08.312 INFO  [main] c.g.auction.service.AuctionService - SYSTEM AUTO-CANCEL: auctionId=0cce00c0-57ab-4593-bcb6-17a5c882993b reason=SELLER_REQUEST
2026-05-11 11:39:08.327 INFO  [main] c.g.auction.service.AuctionService - SYSTEM AUTO-CANCEL: auctionId=53f67a6d-c63d-4747-9d2f-ac6f7622e5eb reason=SELLER_REQUEST
2026-05-11 11:39:08.333 INFO  [main] c.g.auction.service.AuctionService - STAFF CANCEL: staff=staff01 auctionId=632a87aa-4607-46a2-879c-5531190d8c88 reason=FRAUDULENT_ITEM
2026-05-11 11:39:08.333 INFO  [main] c.g.auction.service.AuctionService - AUDIT: staff=staff01 auctionId=632a87aa-4607-46a2-879c-5531190d8c88 reason=FRAUDULENT_ITEM
2026-05-11 11:39:08.333 INFO  [main] c.g.auction.service.AuctionService - STAFF CANCEL: staff=staff01 auctionId=46411ea8-31f2-43a4-b37f-ffe592c53159 reason=FRAUDULENT_ITEM
2026-05-11 11:39:08.333 INFO  [main] c.g.auction.service.AuctionService - AUDIT: staff=staff01 auctionId=46411ea8-31f2-43a4-b37f-ffe592c53159 reason=FRAUDULENT_ITEM
2026-05-11 11:39:08.342 INFO  [main] c.g.auction.service.AuctionService - STAFF CANCEL: staff=staff01 auctionId=7bbe9e2d-fd41-4448-8555-c8694d440c65 reason=FRAUDULENT_ITEM
2026-05-11 11:39:08.342 INFO  [main] c.g.auction.service.AuctionService - AUDIT: staff=staff01 auctionId=7bbe9e2d-fd41-4448-8555-c8694d440c65 reason=FRAUDULENT_ITEM
2026-05-11 11:39:08.345 INFO  [main] c.g.auction.service.AuctionService - SYSTEM AUTO-CANCEL: auctionId=c434550a-9084-462a-9e9d-375c18e52a64 reason=SYSTEM_ERROR
2026-05-11 11:39:08.357 INFO  [main] c.g.auction.service.AuctionService - SYSTEM AUTO-CANCEL: auctionId=6330813d-469f-463f-88f2-14984fb8cb43 reason=NO_WINNER
2026-05-11 11:39:08.361 INFO  [main] c.g.auction.service.AuctionService - SYSTEM AUTO-CANCEL: auctionId=15daa3be-a2e9-4b8d-93cb-09d9e3b2c6f6 reason=NO_WINNER
2026-05-11 11:39:08.361 INFO  [main] c.g.auction.service.AuctionService - SYSTEM AUTO-CANCEL: auctionId=b37d55e0-861c-4136-97bc-2a0ab03c6dc1 reason=SELLER_REQUEST
2026-05-11 11:39:08.366 INFO  [main] c.g.auction.service.AuctionService - SYSTEM AUTO-CANCEL: auctionId=2175cc7b-0e33-4464-b2d7-044a1f95b1da reason=SELLER_REQUEST
2026-05-11 11:39:08.375 INFO  [main] c.g.auction.service.AuctionService - Cọc của winner giữ tại SystemBank (FUNDS_HELD): auctionId=79abbc27-9f8a-4f6f-8c57-dd50557c319a winner=bidder01 deposit=300000
2026-05-11 11:39:08.377 INFO  [main] c.g.auction.service.AuctionService - Winner: auctionId=79abbc27-9f8a-4f6f-8c57-dd50557c319a winner=bidder01 price=2500000
2026-05-11 11:39:08.381 INFO  [main] c.g.auction.service.AuctionService - Cọc của winner giữ tại SystemBank (FUNDS_HELD): auctionId=f463360a-bd5a-48ff-9d43-798f25b5938a winner=bidder01 deposit=300000
2026-05-11 11:39:08.381 INFO  [main] c.g.auction.service.AuctionService - Winner: auctionId=f463360a-bd5a-48ff-9d43-798f25b5938a winner=bidder01 price=2500000
2026-05-11 11:39:08.389 INFO  [main] c.g.auction.service.AuctionService - SYSTEM AUTO-CANCEL: auctionId=59a81b28-ac4f-4a13-b28d-84f8d79d9c6c reason=RESERVE_NOT_MET
2026-05-11 11:39:08.389 INFO  [main] c.g.auction.service.AuctionService - Phiên đóng - reserve chưa đạt: auctionId=59a81b28-ac4f-4a13-b28d-84f8d79d9c6c highestPrice=1200000 reserve=2000000
2026-05-11 11:39:08.398 INFO  [main] c.g.auction.service.AuctionService - Cọc của winner giữ tại SystemBank (FUNDS_HELD): auctionId=e2df820b-aa42-4892-a50b-4f1e5eac8b88 winner=bidder01 deposit=300000
2026-05-11 11:39:08.398 INFO  [main] c.g.auction.service.AuctionService - Winner: auctionId=e2df820b-aa42-4892-a50b-4f1e5eac8b88 winner=bidder01 price=2500000
2026-05-11 11:39:08.400 INFO  [main] c.g.auction.service.AuctionService - SYSTEM AUTO-CANCEL: auctionId=1272b899-0678-45dd-88f9-26d5d29b0495 reason=RESERVE_NOT_MET
2026-05-11 11:39:08.400 INFO  [main] c.g.auction.service.AuctionService - Phiên đóng - reserve chưa đạt: auctionId=1272b899-0678-45dd-88f9-26d5d29b0495 highestPrice=1200000 reserve=2000000
2026-05-11 11:39:08.408 INFO  [main] c.g.auction.service.AuctionService - Cọc của winner giữ tại SystemBank (FUNDS_HELD): auctionId=cec893a7-f73a-4835-b26c-51fdbd84e67f winner=bidder01 deposit=300000
2026-05-11 11:39:08.408 INFO  [main] c.g.auction.service.AuctionService - Winner: auctionId=cec893a7-f73a-4835-b26c-51fdbd84e67f winner=bidder01 price=2500000
2026-05-11 11:39:08.408 INFO  [main] c.g.auction.service.AuctionService - Cọc của winner giữ tại SystemBank (FUNDS_HELD): auctionId=813a06dd-117b-4dd2-9b02-7559ae424cf4 winner=bidder01 deposit=300000
2026-05-11 11:39:08.408 INFO  [main] c.g.auction.service.AuctionService - Winner: auctionId=813a06dd-117b-4dd2-9b02-7559ae424cf4 winner=bidder01 price=2500000
2026-05-11 11:39:08.408 INFO  [main] c.g.auction.service.AuctionService - SYSTEM AUTO-CANCEL: auctionId=dfb0db40-095f-4666-ba4f-f0bde1dae450 reason=NO_WINNER
2026-05-11 11:39:08.408 INFO  [main] c.g.auction.service.AuctionService - Phiên đóng - không có ai đặt giá: auctionId=dfb0db40-095f-4666-ba4f-f0bde1dae450
2026-05-11 11:39:08.422 INFO  [main] c.g.auction.service.AuctionService - SYSTEM AUTO-CANCEL: auctionId=cdce3f77-5dc9-46fd-ae14-b7b620b82acf reason=NO_WINNER
2026-05-11 11:39:08.422 INFO  [main] c.g.auction.service.AuctionService - Phiên đóng - không có ai đặt giá: auctionId=cdce3f77-5dc9-46fd-ae14-b7b620b82acf
2026-05-11 11:39:08.422 INFO  [main] c.g.auction.service.AuctionService - SYSTEM AUTO-CANCEL: auctionId=b7b4db26-1959-4e9d-8346-42830fa48e1a reason=NO_WINNER
2026-05-11 11:39:08.422 INFO  [main] c.g.auction.service.AuctionService - Phiên đóng - không có ai đặt giá: auctionId=b7b4db26-1959-4e9d-8346-42830fa48e1a
2026-05-11 11:39:08.432 INFO  [main] c.g.auction.service.AuctionService - Phiên bắt đầu: auctionId=ad712406-e6a0-48ff-a6dc-3b370d34eb78
2026-05-11 11:39:08.436 INFO  [main] c.g.auction.service.AuctionService - Phiên bắt đầu: auctionId=8207dff2-6b6b-43d3-bdff-40dcc87a9f8a
2026-05-11 11:39:08.444 INFO  [main] c.g.auction.service.AuctionService - Phiên bắt đầu: auctionId=23a35dea-21cd-44db-8543-3ae591bbb0f8
2026-05-11 11:39:08.458 INFO  [main] c.g.auction.service.AuctionService - Tạo auction: auctionId=d5f79675-ee5a-4545-8eb7-bd8b93f54b2f reserve=1500000
2026-05-11 11:39:08.458 INFO  [main] c.g.auction.service.AuctionService - Tạo auction: auctionId=f09ac847-a52a-4d70-b22e-2168dae835f9 reserve=2000000
2026-05-11 11:39:08.464 INFO  [main] c.g.auction.service.AuctionService - Tạo auction: auctionId=f4989b1b-24e8-4dfa-9f50-9d3c9ac86175 reserve=1500000
2026-05-11 11:39:08.468 INFO  [main] c.g.auction.service.AuctionService - Tạo auction: auctionId=1eb57c0a-5036-41e6-b8f0-c2092eec2fcd reserve=1500000
2026-05-11 11:39:09.232 INFO  [main] c.group13.auction.service.BidService - bidderUser1 đặt giá 1200000 — chưa đạt reserve price (2000000).
2026-05-11 11:39:09.232 INFO  [main] c.group13.auction.service.BidService - bidderFF1 đặt giá 1400000 — chưa đạt reserve price (2000000).
2026-05-11 11:39:09.232 INFO  [main] c.group13.auction.service.BidService - bidderUser1 đặt giá 1600000 — chưa đạt reserve price (2000000).
2026-05-11 11:39:09.232 INFO  [main] c.group13.auction.service.BidService - bidderUser1 đặt giá 1200000 — chưa đạt reserve price (2000000).
2026-05-11 11:39:09.232 INFO  [main] c.group13.auction.service.BidService - bidderUser1 đặt giá 1400000 — chưa đạt reserve price (2000000).
2026-05-11 11:39:09.232 INFO  [main] c.group13.auction.service.BidService - bidderUser1 đặt giá 1200000 — chưa đạt reserve price (2000000).
2026-05-11 11:39:09.232 INFO  [main] c.group13.auction.service.BidService - bidderEE1 đặt giá 1400000 — chưa đạt reserve price (2000000).
2026-05-11 11:39:09.243 INFO  [main] c.group13.auction.service.BidService - bidderUser1 theo dõi phiên 3cc52278-1b0c-41d9-999d-204b93d3d955.
2026-05-11 11:39:09.243 INFO  [main] c.group13.auction.service.BidService - bidderUser1 theo dõi phiên bada6df8-04e3-4132-a36d-676b8acbeb84.
2026-05-11 11:39:09.243 INFO  [main] c.group13.auction.service.BidService - bidderUser1 theo dõi phiên c4e8984f-ec19-4c21-aa4f-7e2217e8abcf.
2026-05-11 11:39:09.243 INFO  [main] c.group13.auction.service.BidService - bidderUser1 theo dõi phiên d6c66917-d202-4344-8218-275e1cd4b617.
2026-05-11 11:39:09.251 INFO  [main] c.group13.auction.service.BidService - sellerUser1 tham gia phiên adc94e40-d834-4707-97d4-b9496afb8473 | Cọc khóa: 300000
2026-05-11 11:39:09.251 INFO  [main] c.group13.auction.service.BidService - freshBidr1 tham gia phiên 52eb6c4d-7ac0-46ff-ade6-1ef2884078f2 | Cọc khóa: 300000
2026-05-11 11:39:09.251 INFO  [main] c.group13.auction.service.BidService - freshBidr1 tham gia phiên d241a0b0-9e95-4fc8-a168-c4112fd3e8ef | Cọc khóa: 300000
2026-05-11 11:39:09.251 INFO  [main] c.group13.auction.service.BidService - freshBidr1 đã tham gia phiên 2f6778f1-bbf1-4d7a-9ccd-1b64cb0fb385 trước đó.
2026-05-11 11:39:09.251 INFO  [main] c.group13.auction.service.BidService - freshBidr1 tham gia phiên 3978966a-02da-453f-9a1b-d8642a61a9e3 | Cọc khóa: 300000
2026-05-11 11:39:09.251 INFO  [main] c.group13.auction.service.BidService - freshBidr1 tham gia phiên 17d77450-7a18-4968-89b2-255b8347f0e5 | Cọc khóa: 300000
2026-05-11 11:39:09.251 INFO  [main] c.group13.auction.service.BidService - freshBidr1 tham gia phiên 4c9fe23c-8f82-4c68-b47a-6fed8d84d068 | Cọc khóa: 300000
2026-05-11 11:39:09.263 INFO  [main] c.group13.auction.service.BidService - freshBidr1 tham gia phiên 1f6e8ff0-8295-4cc1-8bd9-49a49efdf2ee | Cọc khóa: 300000
2026-05-11 11:39:09.263 INFO  [main] c.group13.auction.service.BidService - bidderUser1 đặt giá 2000000 thành công!
2026-05-11 11:39:09.263 INFO  [main] c.group13.auction.service.BidService - bidderUser1 đặt giá 1200000 — chưa đạt reserve price (2000000).
2026-05-11 11:39:09.263 INFO  [main] c.group13.auction.service.BidService - bidderUser1 đặt giá 1200000 — chưa đạt reserve price (2000000).
2026-05-11 11:39:09.263 INFO  [main] c.group13.auction.service.BidService - bidderUser1 đặt giá 1200000 — chưa đạt reserve price (2000000).
2026-05-11 11:39:09.263 INFO  [main] c.group13.auction.service.BidService - bidderUser1 đặt giá 1200000 — chưa đạt reserve price (2000000).
2026-05-11 11:39:09.275 INFO  [main] c.group13.auction.service.BidService - bidderUser1 đặt giá 1200000 — chưa đạt reserve price (2000000).
2026-05-11 11:39:09.275 INFO  [main] c.group13.auction.service.BidService - bidderUser1 đặt giá 1200000 — chưa đạt reserve price (2000000).
2026-05-11 11:39:09.310 INFO  [main] c.group13.auction.service.BidService - bidderUser1 đặt giá 1200000 — chưa đạt reserve price (2000000).
2026-05-11 11:39:09.310 INFO  [main] c.group13.auction.service.BidService - bidderUser1 đặt giá 1200000 — chưa đạt reserve price (2000000).
2026-05-11 11:39:09.310 INFO  [main] c.group13.auction.service.BidService - bidderUser1 đặt giá 1200000 — chưa đạt reserve price (2000000).
2026-05-11 11:39:09.310 INFO  [main] c.group13.auction.service.BidService - bidderUser1 đặt giá 2500000 thành công!
2026-05-11 11:39:09.310 INFO  [main] c.group13.auction.service.BidService - bidderUser1 đặt giá 2500000 thành công!
2026-05-11 11:39:09.310 INFO  [main] c.group13.auction.service.BidService - bidderUser1 đặt giá 2500000 thành công!
2026-05-11 11:39:09.310 INFO  [main] c.group13.auction.service.BidService - bidderUser1 đặt giá 2500000 thành công!
2026-05-11 11:39:09.310 INFO  [main] c.group13.auction.service.BidService - bidderUser1 đặt giá 2500000 thành công!
2026-05-11 11:39:09.326 INFO  [main] c.group13.auction.service.BidService - bidderUser1 đặt giá 2500000 thành công!
2026-05-11 13:51:04.649 INFO  [main] c.g.auction.service.AccountService - Ban user: admin=staffAdmin target=bidderBI4 reason=LOW_RATING
2026-05-11 13:51:04.680 INFO  [main] c.g.auction.service.AccountService - Ban user: admin=staffAdmin target=bidderBR3 reason=LOW_RATING
2026-05-11 13:51:04.680 INFO  [main] c.g.auction.service.AccountService - Ban user: admin=staffAdmin target=bidderBO0 reason=LOW_RATING
2026-05-11 13:51:04.680 INFO  [main] c.g.auction.service.AccountService - Ban user: admin=staffAdmin target=bidderBH3 reason=LOW_RATING
2026-05-11 13:51:04.695 INFO  [main] c.g.auction.service.AccountService - Ban user: admin=staffAdmin target=bidderBN9 reason=LOW_RATING
2026-05-11 13:51:04.695 INFO  [main] c.g.auction.service.AccountService - Ban user: admin=staffAdmin target=bidderBP1 reason=LOW_RATING
2026-05-11 13:51:04.695 INFO  [main] c.g.auction.service.AccountService - Ban user: admin=staffAdmin target=bidderBM8 reason=LOW_RATING
2026-05-11 13:51:04.695 INFO  [main] c.g.auction.service.AccountService - Ban user: admin=staffAdmin target=sellerBQ2 reason=SELLER_REFUND_DEFAULT
2026-05-11 13:51:04.695 INFO  [main] c.g.auction.service.AccountService - Ban user: admin=staffAdmin target=sellerBK6 reason=SELLER_REFUND_DEFAULT
2026-05-11 13:51:04.695 INFO  [main] c.g.auction.service.AccountService - Ban user: admin=staffAdmin target=bidderBT5 reason=LOW_RATING
2026-05-11 13:51:04.695 INFO  [main] c.g.auction.service.AccountService - Ban user: admin=staffAdmin target=bidderBL7 reason=LOW_RATING
2026-05-11 13:51:04.695 INFO  [main] c.g.auction.service.AccountService - Ban user: admin=staffAdmin target=bidderBJ5 reason=LOW_RATING
2026-05-11 13:51:04.695 INFO  [main] c.g.auction.service.AccountService - Ban user: admin=staffAdmin target=bidderBS4 reason=LOW_RATING
2026-05-11 13:51:04.711 INFO  [main] c.g.auction.service.AccountService - Auto-approve role Seller: user=bidderXX4
2026-05-11 13:51:04.711 INFO  [main] c.g.auction.service.AccountService - Auto-approve role Seller: user=bidderYY5
2026-05-11 13:51:04.728 INFO  [main] c.g.auction.service.AccountService - Auto-approve role Seller: user=bidderWW3
2026-05-11 13:51:04.742 INFO  [main] c.g.auction.service.AccountService - Auto-approve role Seller: user=bidderBG2
2026-05-11 13:51:04.742 INFO  [main] c.g.auction.service.AccountService - sellerAA1 đã có role Seller.
2026-05-11 13:51:05.511 INFO  [main] c.g.auction.service.AuctionService - Phiên bắt đầu: auctionId=965caaf4-377a-48a7-8b66-908543a8b236
2026-05-11 13:51:05.527 INFO  [main] c.g.auction.service.AuctionService - Tạo auction: auctionId=ec4b34be-df39-48a0-b8d9-daecc862933d reserve=1500000
2026-05-11 13:51:05.543 INFO  [main] c.g.auction.service.AuctionService - SYSTEM AUTO-CANCEL: auctionId=d8cb284a-106e-4668-97a3-b4713332a69d reason=NO_WINNER
2026-05-11 13:51:05.543 INFO  [main] c.g.auction.service.AuctionService - Phiên đóng - không có ai đặt giá: auctionId=d8cb284a-106e-4668-97a3-b4713332a69d
2026-05-11 13:51:05.543 INFO  [main] c.g.auction.service.AuctionService - SYSTEM AUTO-CANCEL: auctionId=24a3a550-15d9-4f59-96ca-fb8d514acf61 reason=NO_WINNER
2026-05-11 13:51:05.543 INFO  [main] c.g.auction.service.AuctionService - SYSTEM AUTO-CANCEL: auctionId=24a3a550-15d9-4f59-96ca-fb8d514acf61 reason=NO_WINNER
2026-05-11 13:51:05.543 INFO  [main] c.g.auction.service.AuctionService - Tạo auction: auctionId=e03b6603-e806-4fcd-9a08-2f098b94882c reserve=2000000
2026-05-11 13:51:05.543 INFO  [main] c.g.auction.service.AuctionService - Phiên bắt đầu: auctionId=e03b6603-e806-4fcd-9a08-2f098b94882c
2026-05-11 13:51:05.543 INFO  [main] c.g.auction.service.AuctionService - SYSTEM AUTO-CANCEL: auctionId=e03b6603-e806-4fcd-9a08-2f098b94882c reason=NO_WINNER
2026-05-11 13:51:05.543 INFO  [main] c.g.auction.service.AuctionService - Phiên đóng - không có ai đặt giá: auctionId=e03b6603-e806-4fcd-9a08-2f098b94882c
2026-05-11 13:51:05.543 INFO  [main] c.g.auction.service.AuctionService - Tạo auction: auctionId=4c4cef47-1d1b-4a5a-8da6-2d99a61530bb reserve=2000000
2026-05-11 13:51:05.543 INFO  [main] c.g.auction.service.AuctionService - Phiên bắt đầu: auctionId=4c4cef47-1d1b-4a5a-8da6-2d99a61530bb
2026-05-11 13:51:06.133 INFO  [main] c.g.auction.service.AuctionService - Cọc của winner giữ tại SystemBank (FUNDS_HELD): auctionId=4c4cef47-1d1b-4a5a-8da6-2d99a61530bb winner=bidder01 deposit=300000
2026-05-11 13:51:06.133 INFO  [main] c.g.auction.service.AuctionService - Winner: auctionId=4c4cef47-1d1b-4a5a-8da6-2d99a61530bb winner=bidder01 price=2500000
2026-05-11 13:51:06.149 INFO  [main] c.g.auction.service.AuctionService - Cọc của winner giữ tại SystemBank (FUNDS_HELD): auctionId=54a81062-cd72-4870-b000-b3aa00e4bb8b winner=bidder01 deposit=300000
2026-05-11 13:51:06.149 INFO  [main] c.g.auction.service.AuctionService - Winner: auctionId=54a81062-cd72-4870-b000-b3aa00e4bb8b winner=bidder01 price=2500000
2026-05-11 13:51:06.149 INFO  [main] c.g.auction.service.AuctionService - Cọc của winner giữ tại SystemBank (FUNDS_HELD): auctionId=1c83621f-f799-4046-8077-f313876e42a6 winner=bidder01 deposit=300000
2026-05-11 13:51:06.149 INFO  [main] c.g.auction.service.AuctionService - Winner: auctionId=1c83621f-f799-4046-8077-f313876e42a6 winner=bidder01 price=2500000
2026-05-11 13:51:06.149 INFO  [main] c.g.auction.service.AuctionService - SYSTEM AUTO-CANCEL: auctionId=2dc52086-3aa2-4547-92b5-8d08ecbf5a79 reason=RESERVE_NOT_MET
2026-05-11 13:51:06.149 INFO  [main] c.g.auction.service.AuctionService - Phiên đóng - reserve chưa đạt: auctionId=2dc52086-3aa2-4547-92b5-8d08ecbf5a79 highestPrice=1200000 reserve=2000000
2026-05-11 13:51:06.149 INFO  [main] c.g.auction.service.AuctionService - Cọc của winner giữ tại SystemBank (FUNDS_HELD): auctionId=178a350d-ea16-4c4e-b921-67ca7b005bbc winner=bidder01 deposit=300000
2026-05-11 13:51:06.149 INFO  [main] c.g.auction.service.AuctionService - Winner: auctionId=178a350d-ea16-4c4e-b921-67ca7b005bbc winner=bidder01 price=2500000
2026-05-11 13:51:06.165 INFO  [main] c.g.auction.service.AuctionService - Phiên bắt đầu: auctionId=69fcb3b1-50d4-48e6-a362-f41a620639b6
2026-05-11 13:51:06.181 INFO  [main] c.g.auction.service.AuctionService - Phiên bắt đầu: auctionId=b4707bd2-1b22-48a6-b2b2-7359dcd5d230
2026-05-11 13:51:06.197 INFO  [main] c.g.auction.service.AuctionService - SYSTEM AUTO-CANCEL: auctionId=598f7fd5-e8bf-4b6a-9c3f-d505a87baaed reason=SELLER_REQUEST
2026-05-11 13:51:06.197 INFO  [main] c.g.auction.service.AuctionService - SYSTEM AUTO-CANCEL: auctionId=3bc392de-8df2-4408-af1e-81587779fa9f reason=SELLER_REQUEST
2026-05-11 13:51:06.197 INFO  [main] c.g.auction.service.AuctionService - STAFF CANCEL: staff=staff01 auctionId=13ca13bd-54e5-4b28-9123-0860e26e4a7d reason=FRAUDULENT_ITEM
2026-05-11 13:51:06.197 INFO  [main] c.g.auction.service.AuctionService - AUDIT: staff=staff01 auctionId=13ca13bd-54e5-4b28-9123-0860e26e4a7d reason=FRAUDULENT_ITEM
2026-05-11 13:51:06.197 INFO  [main] c.g.auction.service.AuctionService - STAFF CANCEL: staff=staff01 auctionId=23f10c16-e75c-4e1d-bec6-ac3c7b549989 reason=FRAUDULENT_ITEM
2026-05-11 13:51:06.197 INFO  [main] c.g.auction.service.AuctionService - AUDIT: staff=staff01 auctionId=23f10c16-e75c-4e1d-bec6-ac3c7b549989 reason=FRAUDULENT_ITEM
2026-05-11 13:51:06.213 INFO  [main] c.g.auction.service.AuctionService - STAFF CANCEL: staff=staff01 auctionId=8bcb7c70-f280-4361-afaa-ce56f9917c7d reason=FRAUDULENT_ITEM
2026-05-11 13:51:06.213 INFO  [main] c.g.auction.service.AuctionService - AUDIT: staff=staff01 auctionId=8bcb7c70-f280-4361-afaa-ce56f9917c7d reason=FRAUDULENT_ITEM
2026-05-11 13:51:06.213 INFO  [main] c.g.auction.service.AuctionService - SYSTEM AUTO-CANCEL: auctionId=3a059add-33fb-408e-b81e-2c72347291ad reason=SYSTEM_ERROR
2026-05-11 13:51:06.229 INFO  [main] c.g.auction.service.AuctionService - SYSTEM AUTO-CANCEL: auctionId=dd17cce2-4de1-4a26-93dc-2a4da52cec4c reason=NO_WINNER
2026-05-11 13:51:06.229 INFO  [main] c.g.auction.service.AuctionService - SYSTEM AUTO-CANCEL: auctionId=7b518522-f673-4c8c-9dad-bf7828fe4e66 reason=NO_WINNER
2026-05-11 13:51:06.229 INFO  [main] c.g.auction.service.AuctionService - SYSTEM AUTO-CANCEL: auctionId=436ddb98-9842-4625-b0e8-652b56d12000 reason=SELLER_REQUEST
2026-05-11 13:51:06.245 INFO  [main] c.g.auction.service.AuctionService - SYSTEM AUTO-CANCEL: auctionId=81dca67f-5129-480d-9c67-f564269ae8c6 reason=SELLER_REQUEST
2026-05-11 13:51:06.245 INFO  [main] c.g.auction.service.AuctionService - Cọc của winner giữ tại SystemBank (FUNDS_HELD): auctionId=016998f3-b1a1-4d6c-bbff-65dd88811b92 winner=bidder01 deposit=300000
2026-05-11 13:51:06.245 INFO  [main] c.g.auction.service.AuctionService - Winner: auctionId=016998f3-b1a1-4d6c-bbff-65dd88811b92 winner=bidder01 price=2500000
2026-05-11 13:51:06.245 INFO  [main] c.g.auction.service.AuctionService - Cọc của winner giữ tại SystemBank (FUNDS_HELD): auctionId=628d612b-e530-4132-ada4-864b8d8743d4 winner=bidder01 deposit=300000
2026-05-11 13:51:06.245 INFO  [main] c.g.auction.service.AuctionService - Winner: auctionId=628d612b-e530-4132-ada4-864b8d8743d4 winner=bidder01 price=2500000
2026-05-11 13:51:06.261 INFO  [main] c.g.auction.service.AuctionService - SYSTEM AUTO-CANCEL: auctionId=188fb743-4550-4bd3-9521-41d5713babdb reason=RESERVE_NOT_MET
2026-05-11 13:51:06.261 INFO  [main] c.g.auction.service.AuctionService - Phiên đóng - reserve chưa đạt: auctionId=188fb743-4550-4bd3-9521-41d5713babdb highestPrice=1200000 reserve=2000000
2026-05-11 13:51:06.278 INFO  [main] c.g.auction.service.AuctionService - Cọc của winner giữ tại SystemBank (FUNDS_HELD): auctionId=320eadc6-ad97-431b-a209-0f90ce8a4340 winner=bidder01 deposit=300000
2026-05-11 13:51:06.278 INFO  [main] c.g.auction.service.AuctionService - Winner: auctionId=320eadc6-ad97-431b-a209-0f90ce8a4340 winner=bidder01 price=2500000
2026-05-11 13:51:06.278 INFO  [main] c.g.auction.service.AuctionService - SYSTEM AUTO-CANCEL: auctionId=4d69e71e-b55d-4105-ad6a-18086c553f45 reason=RESERVE_NOT_MET
2026-05-11 13:51:06.278 INFO  [main] c.g.auction.service.AuctionService - Phiên đóng - reserve chưa đạt: auctionId=4d69e71e-b55d-4105-ad6a-18086c553f45 highestPrice=1200000 reserve=2000000
2026-05-11 13:51:06.278 INFO  [main] c.g.auction.service.AuctionService - Cọc của winner giữ tại SystemBank (FUNDS_HELD): auctionId=4dab855f-de64-4b90-b0ff-719a1d8031f0 winner=bidder01 deposit=300000
2026-05-11 13:51:06.278 INFO  [main] c.g.auction.service.AuctionService - Winner: auctionId=4dab855f-de64-4b90-b0ff-719a1d8031f0 winner=bidder01 price=2500000
2026-05-11 13:51:06.298 INFO  [main] c.g.auction.service.AuctionService - Cọc của winner giữ tại SystemBank (FUNDS_HELD): auctionId=9adfa824-3434-4329-8ab2-f4da0b527f9e winner=bidder01 deposit=300000
2026-05-11 13:51:06.314 INFO  [main] c.g.auction.service.AuctionService - Winner: auctionId=9adfa824-3434-4329-8ab2-f4da0b527f9e winner=bidder01 price=2500000
2026-05-11 13:51:06.314 INFO  [main] c.g.auction.service.AuctionService - SYSTEM AUTO-CANCEL: auctionId=0264487d-c50c-4a7f-8369-f906d3d57658 reason=NO_WINNER
2026-05-11 13:51:06.314 INFO  [main] c.g.auction.service.AuctionService - Phiên đóng - không có ai đặt giá: auctionId=0264487d-c50c-4a7f-8369-f906d3d57658
2026-05-11 13:51:06.314 INFO  [main] c.g.auction.service.AuctionService - SYSTEM AUTO-CANCEL: auctionId=37a5d82d-5076-4ada-8056-c21f61db25c1 reason=NO_WINNER
2026-05-11 13:51:06.314 INFO  [main] c.g.auction.service.AuctionService - Phiên đóng - không có ai đặt giá: auctionId=37a5d82d-5076-4ada-8056-c21f61db25c1
2026-05-11 13:51:06.314 INFO  [main] c.g.auction.service.AuctionService - SYSTEM AUTO-CANCEL: auctionId=3ae54039-3719-400a-bcc6-8f74211a8943 reason=NO_WINNER
2026-05-11 13:51:06.314 INFO  [main] c.g.auction.service.AuctionService - Phiên đóng - không có ai đặt giá: auctionId=3ae54039-3719-400a-bcc6-8f74211a8943
2026-05-11 13:51:06.325 INFO  [main] c.g.auction.service.AuctionService - Phiên bắt đầu: auctionId=c0c9edf2-1b40-49f1-b6e1-c727c17dad73
2026-05-11 13:51:06.325 INFO  [main] c.g.auction.service.AuctionService - Phiên bắt đầu: auctionId=9a2683d2-9805-498f-9ef0-82e11fe27381
2026-05-11 13:51:06.325 INFO  [main] c.g.auction.service.AuctionService - Phiên bắt đầu: auctionId=ea1266ea-1833-49e0-abbf-5f6e4f73c61b
2026-05-11 13:51:06.357 INFO  [main] c.g.auction.service.AuctionService - Tạo auction: auctionId=fc6a3482-fd6f-44d5-8624-69784cd1f9f1 reserve=1500000
2026-05-11 13:51:06.357 INFO  [main] c.g.auction.service.AuctionService - Tạo auction: auctionId=807e4e9a-0eae-4ad9-88ce-7d9670525fba reserve=2000000
2026-05-11 13:51:06.357 INFO  [main] c.g.auction.service.AuctionService - Tạo auction: auctionId=4e2cdf6e-a8d8-42bd-85bb-388fcfa7603b reserve=1500000
2026-05-11 13:51:06.373 INFO  [main] c.g.auction.service.AuctionService - Tạo auction: auctionId=ac0cadde-9a06-4cd7-86cc-8b4b45b06a9d reserve=1500000
2026-05-11 13:51:07.380 INFO  [main] c.group13.auction.service.BidService - bidderUser1 đặt giá 1200000 — chưa đạt reserve price (2000000).
2026-05-11 13:51:07.390 INFO  [main] c.group13.auction.service.BidService - bidderFF1 đặt giá 1400000 — chưa đạt reserve price (2000000).
2026-05-11 13:51:07.390 INFO  [main] c.group13.auction.service.BidService - bidderUser1 đặt giá 1600000 — chưa đạt reserve price (2000000).
2026-05-11 13:51:07.395 INFO  [main] c.group13.auction.service.BidService - bidderUser1 đặt giá 1200000 — chưa đạt reserve price (2000000).
2026-05-11 13:51:07.395 INFO  [main] c.group13.auction.service.BidService - bidderUser1 đặt giá 1400000 — chưa đạt reserve price (2000000).
2026-05-11 13:51:07.395 INFO  [main] c.group13.auction.service.BidService - bidderUser1 đặt giá 1200000 — chưa đạt reserve price (2000000).
2026-05-11 13:51:07.395 INFO  [main] c.group13.auction.service.BidService - bidderEE1 đặt giá 1400000 — chưa đạt reserve price (2000000).
2026-05-11 13:51:07.411 INFO  [main] c.group13.auction.service.BidService - bidderUser1 theo dõi phiên 3c8fdd23-9127-4229-bfc7-d43b35d6052a.
2026-05-11 13:51:07.414 INFO  [main] c.group13.auction.service.BidService - bidderUser1 theo dõi phiên d381a6e2-c377-4170-9c72-e7faf6c22f8e.
2026-05-11 13:51:07.419 INFO  [main] c.group13.auction.service.BidService - bidderUser1 theo dõi phiên 3db0f00b-335c-4e01-bc03-f5465a35cb5e.
2026-05-11 13:51:07.421 INFO  [main] c.group13.auction.service.BidService - bidderUser1 theo dõi phiên 9e868993-1dc4-4dd0-960b-d3d635c0e226.
2026-05-11 13:51:07.438 INFO  [main] c.group13.auction.service.BidService - sellerUser1 tham gia phiên c1ba9bf8-a6ad-43bf-9375-52d2d4358b87 | Cọc khóa: 300000
2026-05-11 13:51:07.439 INFO  [main] c.group13.auction.service.BidService - freshBidr1 tham gia phiên 81d7bc7a-5ce8-477b-8fa0-00a7b333524e | Cọc khóa: 300000
2026-05-11 13:51:07.439 INFO  [main] c.group13.auction.service.BidService - freshBidr1 tham gia phiên 5c003846-383d-401b-ae5c-805087b3c15f | Cọc khóa: 300000
2026-05-11 13:51:07.448 INFO  [main] c.group13.auction.service.BidService - freshBidr1 đã tham gia phiên 035b889a-0a27-464f-9ea4-29f7a301b345 trước đó.
2026-05-11 13:51:07.454 INFO  [main] c.group13.auction.service.BidService - freshBidr1 tham gia phiên d61372ff-703b-4bc9-a87b-ac979dc4a822 | Cọc khóa: 300000
2026-05-11 13:51:07.454 INFO  [main] c.group13.auction.service.BidService - freshBidr1 tham gia phiên 1d60933d-44dd-4d6f-9ad2-454770a14747 | Cọc khóa: 300000
2026-05-11 13:51:07.469 INFO  [main] c.group13.auction.service.BidService - freshBidr1 tham gia phiên a6d5b5f3-6f37-48f1-943e-5ea90ed5571f | Cọc khóa: 300000
2026-05-11 13:51:07.469 INFO  [main] c.group13.auction.service.BidService - freshBidr1 tham gia phiên caba929b-1996-44da-9de8-c018427ccd18 | Cọc khóa: 300000
2026-05-11 13:51:07.469 INFO  [main] c.group13.auction.service.BidService - bidderUser1 đặt giá 2000000 thành công!
2026-05-11 13:51:07.481 INFO  [main] c.group13.auction.service.BidService - bidderUser1 đặt giá 1200000 — chưa đạt reserve price (2000000).
2026-05-11 13:51:07.481 INFO  [main] c.group13.auction.service.BidService - bidderUser1 đặt giá 1200000 — chưa đạt reserve price (2000000).
2026-05-11 13:51:07.485 INFO  [main] c.group13.auction.service.BidService - bidderUser1 đặt giá 1200000 — chưa đạt reserve price (2000000).
2026-05-11 13:51:07.485 INFO  [main] c.group13.auction.service.BidService - bidderUser1 đặt giá 1200000 — chưa đạt reserve price (2000000).
2026-05-11 13:51:07.485 INFO  [main] c.group13.auction.service.BidService - bidderUser1 đặt giá 1200000 — chưa đạt reserve price (2000000).
2026-05-11 13:51:07.485 INFO  [main] c.group13.auction.service.BidService - bidderUser1 đặt giá 1200000 — chưa đạt reserve price (2000000).
2026-05-11 13:51:07.565 INFO  [main] c.group13.auction.service.BidService - bidderUser1 đặt giá 1200000 — chưa đạt reserve price (2000000).
2026-05-11 13:51:07.565 INFO  [main] c.group13.auction.service.BidService - bidderUser1 đặt giá 1200000 — chưa đạt reserve price (2000000).
2026-05-11 13:51:07.565 INFO  [main] c.group13.auction.service.BidService - bidderUser1 đặt giá 1200000 — chưa đạt reserve price (2000000).
2026-05-11 13:51:07.565 INFO  [main] c.group13.auction.service.BidService - bidderUser1 đặt giá 2500000 thành công!
2026-05-11 13:51:07.565 INFO  [main] c.group13.auction.service.BidService - bidderUser1 đặt giá 2500000 thành công!
2026-05-11 13:51:07.565 INFO  [main] c.group13.auction.service.BidService - bidderUser1 đặt giá 2500000 thành công!
2026-05-11 13:51:07.581 INFO  [main] c.group13.auction.service.BidService - bidderUser1 đặt giá 2500000 thành công!
2026-05-11 13:51:07.581 INFO  [main] c.group13.auction.service.BidService - bidderUser1 đặt giá 2500000 thành công!
2026-05-11 13:51:07.581 INFO  [main] c.group13.auction.service.BidService - bidderUser1 đặt giá 2500000 thành công!
2026-05-11 16:54:59.736 INFO  [main] c.g.auction.service.AccountService - Ban user: admin=staffAdmin target=bidderBI4 reason=LOW_RATING
2026-05-11 16:54:59.762 INFO  [main] c.g.auction.service.AccountService - Ban user: admin=staffAdmin target=bidderBR3 reason=LOW_RATING
2026-05-11 16:54:59.765 INFO  [main] c.g.auction.service.AccountService - Ban user: admin=staffAdmin target=bidderBO0 reason=LOW_RATING
2026-05-11 16:54:59.768 INFO  [main] c.g.auction.service.AccountService - Ban user: admin=staffAdmin target=bidderBH3 reason=LOW_RATING
2026-05-11 16:54:59.776 INFO  [main] c.g.auction.service.AccountService - Ban user: admin=staffAdmin target=bidderBN9 reason=LOW_RATING
2026-05-11 16:54:59.779 INFO  [main] c.g.auction.service.AccountService - Ban user: admin=staffAdmin target=bidderBP1 reason=LOW_RATING
2026-05-11 16:54:59.782 INFO  [main] c.g.auction.service.AccountService - Ban user: admin=staffAdmin target=bidderBM8 reason=LOW_RATING
2026-05-11 16:54:59.786 INFO  [main] c.g.auction.service.AccountService - Ban user: admin=staffAdmin target=sellerBQ2 reason=SELLER_REFUND_DEFAULT
2026-05-11 16:54:59.789 INFO  [main] c.g.auction.service.AccountService - Ban user: admin=staffAdmin target=sellerBK6 reason=SELLER_REFUND_DEFAULT
2026-05-11 16:54:59.797 INFO  [main] c.g.auction.service.AccountService - Ban user: admin=staffAdmin target=bidderBT5 reason=LOW_RATING
2026-05-11 16:54:59.800 INFO  [main] c.g.auction.service.AccountService - Ban user: admin=staffAdmin target=bidderBL7 reason=LOW_RATING
2026-05-11 16:54:59.805 INFO  [main] c.g.auction.service.AccountService - Ban user: admin=staffAdmin target=bidderBJ5 reason=LOW_RATING
2026-05-11 16:54:59.809 INFO  [main] c.g.auction.service.AccountService - Ban user: admin=staffAdmin target=bidderBS4 reason=LOW_RATING
2026-05-11 16:54:59.820 INFO  [main] c.g.auction.service.AccountService - Auto-approve role Seller: user=bidderXX4
2026-05-11 16:54:59.825 INFO  [main] c.g.auction.service.AccountService - Auto-approve role Seller: user=bidderYY5
2026-05-11 16:54:59.833 INFO  [main] c.g.auction.service.AccountService - Auto-approve role Seller: user=bidderWW3
2026-05-11 16:54:59.858 INFO  [main] c.g.auction.service.AccountService - Auto-approve role Seller: user=bidderBG2
2026-05-11 16:54:59.860 INFO  [main] c.g.auction.service.AccountService - sellerAA1 đã có role Seller.
2026-05-11 16:55:00.196 INFO  [main] c.g.auction.service.AuctionService - Phiên bắt đầu: auctionId=6ecde048-c784-4d98-9b70-0944d2742200
2026-05-11 16:55:00.202 INFO  [main] c.g.auction.service.AuctionService - Tạo auction: auctionId=5b8a9771-16ea-4987-acf2-ec0ace140ab4 reserve=1500000
2026-05-11 16:55:00.212 INFO  [main] c.g.auction.service.AuctionService - SYSTEM AUTO-CANCEL: auctionId=738d9026-8b56-4b5c-88e5-0ea3d35626c8 reason=NO_WINNER
2026-05-11 16:55:00.212 INFO  [main] c.g.auction.service.AuctionService - Phiên đóng - không có ai đặt giá: auctionId=738d9026-8b56-4b5c-88e5-0ea3d35626c8
2026-05-11 16:55:00.217 INFO  [main] c.g.auction.service.AuctionService - SYSTEM AUTO-CANCEL: auctionId=4d1d86ea-6499-4eb3-9c4b-c7826209ce23 reason=NO_WINNER
2026-05-11 16:55:00.219 INFO  [main] c.g.auction.service.AuctionService - SYSTEM AUTO-CANCEL: auctionId=4d1d86ea-6499-4eb3-9c4b-c7826209ce23 reason=NO_WINNER
2026-05-11 16:55:00.225 INFO  [main] c.g.auction.service.AuctionService - Tạo auction: auctionId=10fc6e2f-14f8-4a7a-bced-32393094f2f2 reserve=2000000
2026-05-11 16:55:00.225 INFO  [main] c.g.auction.service.AuctionService - Phiên bắt đầu: auctionId=10fc6e2f-14f8-4a7a-bced-32393094f2f2
2026-05-11 16:55:00.226 INFO  [main] c.g.auction.service.AuctionService - SYSTEM AUTO-CANCEL: auctionId=10fc6e2f-14f8-4a7a-bced-32393094f2f2 reason=NO_WINNER
2026-05-11 16:55:00.226 INFO  [main] c.g.auction.service.AuctionService - Phiên đóng - không có ai đặt giá: auctionId=10fc6e2f-14f8-4a7a-bced-32393094f2f2
2026-05-11 16:55:00.233 INFO  [main] c.g.auction.service.AuctionService - Tạo auction: auctionId=194f6c71-a3d8-4d42-9c93-6ab9c7d776d5 reserve=2000000
2026-05-11 16:55:00.234 INFO  [main] c.g.auction.service.AuctionService - Phiên bắt đầu: auctionId=194f6c71-a3d8-4d42-9c93-6ab9c7d776d5
2026-05-11 16:55:00.918 INFO  [main] c.g.auction.service.AuctionService - Cọc của winner giữ tại SystemBank (FUNDS_HELD): auctionId=194f6c71-a3d8-4d42-9c93-6ab9c7d776d5 winner=bidder01 deposit=300000
2026-05-11 16:55:00.919 INFO  [main] c.g.auction.service.AuctionService - Winner: auctionId=194f6c71-a3d8-4d42-9c93-6ab9c7d776d5 winner=bidder01 price=2500000
2026-05-11 16:55:00.928 INFO  [main] c.g.auction.service.AuctionService - Cọc của winner giữ tại SystemBank (FUNDS_HELD): auctionId=d140d617-bf5d-4de2-9261-930209a0c3b1 winner=bidder01 deposit=300000
2026-05-11 16:55:00.928 INFO  [main] c.g.auction.service.AuctionService - Winner: auctionId=d140d617-bf5d-4de2-9261-930209a0c3b1 winner=bidder01 price=2500000
2026-05-11 16:55:00.943 INFO  [main] c.g.auction.service.AuctionService - Cọc của winner giữ tại SystemBank (FUNDS_HELD): auctionId=87500521-3c19-46f6-940b-585e80ddcec1 winner=bidder01 deposit=300000
2026-05-11 16:55:00.944 INFO  [main] c.g.auction.service.AuctionService - Winner: auctionId=87500521-3c19-46f6-940b-585e80ddcec1 winner=bidder01 price=2500000
2026-05-11 16:55:00.944 INFO  [main] c.g.auction.service.AuctionService - SYSTEM AUTO-CANCEL: auctionId=f71aae23-3129-4629-aad6-b057261bd952 reason=RESERVE_NOT_MET
2026-05-11 16:55:00.945 INFO  [main] c.g.auction.service.AuctionService - Phiên đóng - reserve chưa đạt: auctionId=f71aae23-3129-4629-aad6-b057261bd952 highestPrice=1200000 reserve=2000000
2026-05-11 16:55:00.948 INFO  [main] c.g.auction.service.AuctionService - Cọc của winner giữ tại SystemBank (FUNDS_HELD): auctionId=60449eac-057f-4431-82a6-1c5264de2dda winner=bidder01 deposit=300000
2026-05-11 16:55:00.949 INFO  [main] c.g.auction.service.AuctionService - Winner: auctionId=60449eac-057f-4431-82a6-1c5264de2dda winner=bidder01 price=2500000
2026-05-11 16:55:00.954 INFO  [main] c.g.auction.service.AuctionService - Phiên bắt đầu: auctionId=bc97c4f7-b090-4d68-8476-f9d434d23b2f
2026-05-11 16:55:00.986 INFO  [main] c.g.auction.service.AuctionService - Phiên bắt đầu: auctionId=3cf4b92b-099d-444a-a957-47fb2839f379
2026-05-11 16:55:01.002 INFO  [main] c.g.auction.service.AuctionService - SYSTEM AUTO-CANCEL: auctionId=def0ab9b-52ba-435d-adae-b1cff3aaf43d reason=SELLER_REQUEST
2026-05-11 16:55:01.004 INFO  [main] c.g.auction.service.AuctionService - SYSTEM AUTO-CANCEL: auctionId=560243cd-f1fc-4e7c-98a8-36c52d886984 reason=SELLER_REQUEST
2026-05-11 16:55:01.012 INFO  [main] c.g.auction.service.AuctionService - STAFF CANCEL: staff=staff01 auctionId=c073dc76-5d47-4545-9a38-b4b9fb8ab9a4 reason=FRAUDULENT_ITEM
2026-05-11 16:55:01.013 INFO  [main] c.g.auction.service.AuctionService - AUDIT: staff=staff01 auctionId=c073dc76-5d47-4545-9a38-b4b9fb8ab9a4 reason=FRAUDULENT_ITEM
2026-05-11 16:55:01.016 INFO  [main] c.g.auction.service.AuctionService - STAFF CANCEL: staff=staff01 auctionId=8bb97308-d20e-4af2-814c-b92cdee4ab4a reason=FRAUDULENT_ITEM
2026-05-11 16:55:01.016 INFO  [main] c.g.auction.service.AuctionService - AUDIT: staff=staff01 auctionId=8bb97308-d20e-4af2-814c-b92cdee4ab4a reason=FRAUDULENT_ITEM
2026-05-11 16:55:01.018 INFO  [main] c.g.auction.service.AuctionService - STAFF CANCEL: staff=staff01 auctionId=9b60bb7d-2e71-4074-8c57-7b7dfc0e9fb8 reason=FRAUDULENT_ITEM
2026-05-11 16:55:01.018 INFO  [main] c.g.auction.service.AuctionService - AUDIT: staff=staff01 auctionId=9b60bb7d-2e71-4074-8c57-7b7dfc0e9fb8 reason=FRAUDULENT_ITEM
2026-05-11 16:55:01.021 INFO  [main] c.g.auction.service.AuctionService - SYSTEM AUTO-CANCEL: auctionId=1723d42b-21ee-4f9e-80ba-2fb827bd834e reason=SYSTEM_ERROR
2026-05-11 16:55:01.044 INFO  [main] c.g.auction.service.AuctionService - SYSTEM AUTO-CANCEL: auctionId=f0df7b5d-61e9-4037-9cd9-a3f6a5085610 reason=NO_WINNER
2026-05-11 16:55:01.048 INFO  [main] c.g.auction.service.AuctionService - SYSTEM AUTO-CANCEL: auctionId=caa098ca-6da9-4627-9c4b-81896f9bc5dd reason=NO_WINNER
2026-05-11 16:55:01.050 INFO  [main] c.g.auction.service.AuctionService - SYSTEM AUTO-CANCEL: auctionId=2c8c333e-9ef1-40d6-85b0-7395b7efffb7 reason=SELLER_REQUEST
2026-05-11 16:55:01.052 INFO  [main] c.g.auction.service.AuctionService - SYSTEM AUTO-CANCEL: auctionId=5215d4e1-0a82-4d7b-960a-750142a31176 reason=SELLER_REQUEST
2026-05-11 16:55:01.063 INFO  [main] c.g.auction.service.AuctionService - Cọc của winner giữ tại SystemBank (FUNDS_HELD): auctionId=29b6666a-92d9-4f3a-be33-faaf8ab4512c winner=bidder01 deposit=300000
2026-05-11 16:55:01.064 INFO  [main] c.g.auction.service.AuctionService - Winner: auctionId=29b6666a-92d9-4f3a-be33-faaf8ab4512c winner=bidder01 price=2500000
2026-05-11 16:55:01.068 INFO  [main] c.g.auction.service.AuctionService - Cọc của winner giữ tại SystemBank (FUNDS_HELD): auctionId=88da18ae-fd20-4c80-91f4-33b5eb92908d winner=bidder01 deposit=300000
2026-05-11 16:55:01.069 INFO  [main] c.g.auction.service.AuctionService - Winner: auctionId=88da18ae-fd20-4c80-91f4-33b5eb92908d winner=bidder01 price=2500000
2026-05-11 16:55:01.111 INFO  [main] c.g.auction.service.AuctionService - SYSTEM AUTO-CANCEL: auctionId=d27b0bae-4298-46a1-9413-0281dbddf6f2 reason=RESERVE_NOT_MET
2026-05-11 16:55:01.112 INFO  [main] c.g.auction.service.AuctionService - Phiên đóng - reserve chưa đạt: auctionId=d27b0bae-4298-46a1-9413-0281dbddf6f2 highestPrice=1200000 reserve=2000000
2026-05-11 16:55:01.124 INFO  [main] c.g.auction.service.AuctionService - Cọc của winner giữ tại SystemBank (FUNDS_HELD): auctionId=ba718209-044f-4e0d-a692-50ec01d23e88 winner=bidder01 deposit=300000
2026-05-11 16:55:01.125 INFO  [main] c.g.auction.service.AuctionService - Winner: auctionId=ba718209-044f-4e0d-a692-50ec01d23e88 winner=bidder01 price=2500000
2026-05-11 16:55:01.135 INFO  [main] c.g.auction.service.AuctionService - SYSTEM AUTO-CANCEL: auctionId=d5c373e1-5aa3-4f9d-8594-5e2e50e1018d reason=RESERVE_NOT_MET
2026-05-11 16:55:01.136 INFO  [main] c.g.auction.service.AuctionService - Phiên đóng - reserve chưa đạt: auctionId=d5c373e1-5aa3-4f9d-8594-5e2e50e1018d highestPrice=1200000 reserve=2000000
2026-05-11 16:55:01.151 INFO  [main] c.g.auction.service.AuctionService - Cọc của winner giữ tại SystemBank (FUNDS_HELD): auctionId=01f8a138-ab76-4ee1-82c6-b3416b3705f3 winner=bidder01 deposit=300000
2026-05-11 16:55:01.152 INFO  [main] c.g.auction.service.AuctionService - Winner: auctionId=01f8a138-ab76-4ee1-82c6-b3416b3705f3 winner=bidder01 price=2500000
2026-05-11 16:55:01.157 INFO  [main] c.g.auction.service.AuctionService - Cọc của winner giữ tại SystemBank (FUNDS_HELD): auctionId=99e370c4-e244-4947-881f-15ebf48e1d49 winner=bidder01 deposit=300000
2026-05-11 16:55:01.157 INFO  [main] c.g.auction.service.AuctionService - Winner: auctionId=99e370c4-e244-4947-881f-15ebf48e1d49 winner=bidder01 price=2500000
2026-05-11 16:55:01.159 INFO  [main] c.g.auction.service.AuctionService - SYSTEM AUTO-CANCEL: auctionId=69bec84c-4837-4152-b31f-6f0c2b667099 reason=NO_WINNER
2026-05-11 16:55:01.160 INFO  [main] c.g.auction.service.AuctionService - Phiên đóng - không có ai đặt giá: auctionId=69bec84c-4837-4152-b31f-6f0c2b667099
2026-05-11 16:55:01.165 INFO  [main] c.g.auction.service.AuctionService - SYSTEM AUTO-CANCEL: auctionId=0b2f5ade-38ef-41d8-b918-d5dac67f14b8 reason=NO_WINNER
2026-05-11 16:55:01.165 INFO  [main] c.g.auction.service.AuctionService - Phiên đóng - không có ai đặt giá: auctionId=0b2f5ade-38ef-41d8-b918-d5dac67f14b8
2026-05-11 16:55:01.167 INFO  [main] c.g.auction.service.AuctionService - SYSTEM AUTO-CANCEL: auctionId=a927e560-ab54-43d8-abbd-1fedd69e4aac reason=NO_WINNER
2026-05-11 16:55:01.167 INFO  [main] c.g.auction.service.AuctionService - Phiên đóng - không có ai đặt giá: auctionId=a927e560-ab54-43d8-abbd-1fedd69e4aac
2026-05-11 16:55:01.177 INFO  [main] c.g.auction.service.AuctionService - Phiên bắt đầu: auctionId=e513d4bd-d32c-41fa-af69-5c8569908ee4
2026-05-11 16:55:01.186 INFO  [main] c.g.auction.service.AuctionService - Phiên bắt đầu: auctionId=fffdb87e-2b15-4d57-b029-bf0eb859d3d1
2026-05-11 16:55:01.194 INFO  [main] c.g.auction.service.AuctionService - Phiên bắt đầu: auctionId=5c8fea0f-0e9c-480d-a479-098b7c8c13b1
2026-05-11 16:55:01.216 INFO  [main] c.g.auction.service.AuctionService - Tạo auction: auctionId=7289e3bd-8e95-4240-9ebd-8d754b16ed81 reserve=1500000
2026-05-11 16:55:01.218 INFO  [main] c.g.auction.service.AuctionService - Tạo auction: auctionId=7aa80dd4-07ab-45ab-88f3-ad941abe339b reserve=2000000
2026-05-11 16:55:01.224 INFO  [main] c.g.auction.service.AuctionService - Tạo auction: auctionId=a3888c66-7770-4efd-9ca4-0f4db3bdb1ee reserve=1500000
2026-05-11 16:55:01.230 INFO  [main] c.g.auction.service.AuctionService - Tạo auction: auctionId=7ace7b3a-b223-4c46-916e-9c1b61c6b3fc reserve=1500000
2026-05-11 16:55:01.452 INFO  [main] c.group13.auction.service.BidService - bidderUser1 đặt giá 1200000 — chưa đạt reserve price (2000000).
2026-05-11 16:55:01.453 INFO  [main] c.group13.auction.service.BidService - bidderFF1 đặt giá 1400000 — chưa đạt reserve price (2000000).
2026-05-11 16:55:01.453 INFO  [main] c.group13.auction.service.BidService - bidderUser1 đặt giá 1600000 — chưa đạt reserve price (2000000).
2026-05-11 16:55:01.455 INFO  [main] c.group13.auction.service.BidService - bidderUser1 đặt giá 1200000 — chưa đạt reserve price (2000000).
2026-05-11 16:55:01.456 INFO  [main] c.group13.auction.service.BidService - bidderUser1 đặt giá 1400000 — chưa đạt reserve price (2000000).
2026-05-11 16:55:01.460 INFO  [main] c.group13.auction.service.BidService - bidderUser1 đặt giá 1200000 — chưa đạt reserve price (2000000).
2026-05-11 16:55:01.461 INFO  [main] c.group13.auction.service.BidService - bidderEE1 đặt giá 1400000 — chưa đạt reserve price (2000000).
2026-05-11 16:55:01.464 INFO  [main] c.group13.auction.service.BidService - bidderUser1 theo dõi phiên 3e4c34f6-60e4-4222-8b97-8a3bc64840b6.
2026-05-11 16:55:01.466 INFO  [main] c.group13.auction.service.BidService - bidderUser1 theo dõi phiên 11c3a362-9a08-4417-8501-9652654b3b02.
2026-05-11 16:55:01.468 INFO  [main] c.group13.auction.service.BidService - bidderUser1 theo dõi phiên 70ad34b3-4943-4cc6-b431-905e067acc7f.
2026-05-11 16:55:01.470 INFO  [main] c.group13.auction.service.BidService - bidderUser1 theo dõi phiên 0327dc88-4e85-4555-99a0-bfd57875fc0f.
2026-05-11 16:55:01.489 INFO  [main] c.group13.auction.service.BidService - sellerUser1 tham gia phiên 360c38d4-db18-4ded-8c99-b067441d95f5 | Cọc khóa: 300000
2026-05-11 16:55:01.494 INFO  [main] c.group13.auction.service.BidService - freshBidr1 tham gia phiên 40eb2931-06f0-429b-baba-c218666bd230 | Cọc khóa: 300000
2026-05-11 16:55:01.500 INFO  [main] c.group13.auction.service.BidService - freshBidr1 tham gia phiên 64500ddf-7799-453a-bf0e-8f5dc797a3a6 | Cọc khóa: 300000
2026-05-11 16:55:01.504 INFO  [main] c.group13.auction.service.BidService - freshBidr1 đã tham gia phiên c071dd6d-34dc-4416-9697-fac574527609 trước đó.
2026-05-11 16:55:01.513 INFO  [main] c.group13.auction.service.BidService - freshBidr1 tham gia phiên a477e140-8ef2-4fc4-903b-353a95d2d37f | Cọc khóa: 300000
2026-05-11 16:55:01.515 INFO  [main] c.group13.auction.service.BidService - freshBidr1 tham gia phiên dd1accd4-f541-4d99-b11c-094bda1b51b5 | Cọc khóa: 300000
2026-05-11 16:55:01.542 INFO  [main] c.group13.auction.service.BidService - freshBidr1 tham gia phiên 4dab4cd4-4a54-4f4d-bb45-779f89b90ed5 | Cọc khóa: 300000
2026-05-11 16:55:01.546 INFO  [main] c.group13.auction.service.BidService - freshBidr1 tham gia phiên a578ae60-e5c9-4603-b9d7-0dccc341fca8 | Cọc khóa: 300000
2026-05-11 16:55:01.550 INFO  [main] c.group13.auction.service.BidService - bidderUser1 đặt giá 2000000 thành công!
2026-05-11 16:55:01.562 INFO  [main] c.group13.auction.service.BidService - bidderUser1 đặt giá 1200000 — chưa đạt reserve price (2000000).
2026-05-11 16:55:01.567 INFO  [main] c.group13.auction.service.BidService - bidderUser1 đặt giá 1200000 — chưa đạt reserve price (2000000).
2026-05-11 16:55:01.571 INFO  [main] c.group13.auction.service.BidService - bidderUser1 đặt giá 1200000 — chưa đạt reserve price (2000000).
2026-05-11 16:55:01.574 INFO  [main] c.group13.auction.service.BidService - bidderUser1 đặt giá 1200000 — chưa đạt reserve price (2000000).
2026-05-11 16:55:01.576 INFO  [main] c.group13.auction.service.BidService - bidderUser1 đặt giá 1200000 — chưa đạt reserve price (2000000).
2026-05-11 16:55:01.578 INFO  [main] c.group13.auction.service.BidService - bidderUser1 đặt giá 1200000 — chưa đạt reserve price (2000000).
2026-05-11 16:55:01.692 INFO  [main] c.group13.auction.service.BidService - bidderUser1 đặt giá 1200000 — chưa đạt reserve price (2000000).
2026-05-11 16:55:01.697 INFO  [main] c.group13.auction.service.BidService - bidderUser1 đặt giá 1200000 — chưa đạt reserve price (2000000).
2026-05-11 16:55:01.701 INFO  [main] c.group13.auction.service.BidService - bidderUser1 đặt giá 1200000 — chưa đạt reserve price (2000000).
2026-05-11 16:55:01.706 INFO  [main] c.group13.auction.service.BidService - bidderUser1 đặt giá 2500000 thành công!
2026-05-11 16:55:01.710 INFO  [main] c.group13.auction.service.BidService - bidderUser1 đặt giá 2500000 thành công!
2026-05-11 16:55:01.714 INFO  [main] c.group13.auction.service.BidService - bidderUser1 đặt giá 2500000 thành công!
2026-05-11 16:55:01.717 INFO  [main] c.group13.auction.service.BidService - bidderUser1 đặt giá 2500000 thành công!
2026-05-11 16:55:01.719 INFO  [main] c.group13.auction.service.BidService - bidderUser1 đặt giá 2500000 thành công!
2026-05-11 16:55:01.722 INFO  [main] c.group13.auction.service.BidService - bidderUser1 đặt giá 2500000 thành công!
